year,month,country,type,flavor,location,unknown,masa,sales
2019,Feb,Mexico,Regular,Cajeta,Centro,ABYT055818,Atole mix,0.00
2020,Jan,Mexico,Regular,Cajeta,Centro,ABYT055818,Atole mix,0.00
2020,Aug,Mexico,Regular,Cajeta,Centro,ABYT055818,Atole mix,976.99
2020,Mar,Mexico,Regular,Arroz,Centro,ABYT057271,Atole mix,0.00
2020,Jun,Mexico,Regular,Arroz,Centro,ABYT057271,Atole mix,0.00
2019,Jun,Mexico,Regular,Arroz,Centro,ABYT057271,Atole mix,0.00
2020,May,Mexico,Regular,Arroz,Centro,ABYT057271,Atole mix,0.00
2020,Jun,Mexico,Regular,Arroz,Centro,ABYT057271,Atole mix,0.00
2020,Aug,Mexico,Regular,Arroz,Centro,ABYT057271,Atole mix,613038.75
2020,Aug,Mexico,Regular,Arroz,Centro,ABYT057271,Atole mix,72774.03
2020,Aug,Mexico,Regular,Arroz,Centro,ABYT057271,Atole mix,240046.39
2020,Jul,Mexico,Regular,Arroz,Centro,ABYT057271,Atole mix,0.00
2020,Aug,Mexico,Regular,Arroz,Centro,ABYT057271,Atole mix,1657.31
2019,Mar,Mexico,Regular,Verde,Centro,206054370,Tamal mix,8676.09
2019,Apr,Mexico,Regular,Verde,Centro,206054370,Tamal mix,6137.65
2019,Aug,Mexico,Regular,Verde,Centro,206054370,Tamal mix,0.00
2020,Jan,Mexico,Regular,Verde,Centro,206054370,Tamal mix,5061.24
2019,Feb,Mexico,Regular,Arroz,Centro,ABYT057271,Atole mix,14.09
2019,May,Mexico,Regular,Arroz,Centro,ABYT057271,Atole mix,0.00
2019,Jun,Mexico,Regular,Arroz,Centro,ABYT057271,Atole mix,0.00
2019,Nov,Mexico,Regular,Arroz,Centro,ABYT057271,Atole mix,21635.94
2020,Feb,Mexico,Regular,Arroz,Centro,ABYT057271,Atole mix,11303.47
2020,Apr,Mexico,Regular,Arroz,Centro,ABYT057271,Atole mix,3361.68
2020,May,Mexico,Regular,Arroz,Centro,ABYT057271,Atole mix,0.00
2020,Jun,Mexico,Regular,Arroz,Centro,ABYT057271,Atole mix,18834.20
2019,Sep,Mexico,Regular,Arroz,Centro,ABYT057271,Atole mix,0.00
2019,Oct,Mexico,Regular,Arroz,Centro,ABYT057271,Atole mix,0.00
2020,May,Mexico,Regular,Arroz,Centro,ABYT057271,Atole mix,0.00
2019,Apr,Mexico,Regular,Arroz,Centro,ABYT057271,Atole mix,0.00
2019,Apr,Mexico,Regular,Arroz,Centro,ABYT057271,Atole mix,33687.91
2019,May,Mexico,Regular,Arroz,Centro,ABYT057271,Atole mix,0.00
2019,Sep,Mexico,Regular,Arroz,Centro,ABYT057271,Atole mix,0.00
2020,Feb,Mexico,Regular,Arroz,Centro,ABYT057271,Atole mix,428139.30
2020,Apr,Mexico,Regular,Arroz,Centro,ABYT057271,Atole mix,0.00
2019,Jan,Mexico,Regular,Arroz,Centro,ABYT057271,Atole mix,27933.07
2019,Apr,Mexico,Regular,Arroz,Centro,ABYT057271,Atole mix,36505.10
2020,Jan,Mexico,Regular,Arroz,Centro,ABYT057271,Atole mix,9.51
2020,Feb,Mexico,Regular,Arroz,Centro,ABYT057271,Atole mix,0.00
2020,Jul,Mexico,Regular,Arroz,Centro,ABYT057271,Atole mix,0.00
2019,Nov,Mexico,Regular,Arroz,Centro,ABYT057271,Atole mix,0.00
2020,Mar,Mexico,Regular,Arroz,Centro,ABYT057271,Atole mix,0.00
2020,May,Mexico,Regular,Arroz,Centro,ABYT057271,Atole mix,211776.03
2020,May,Mexico,Regular,Arroz,Centro,ABYT057271,Atole mix,0.00
2019,Sep,Mexico,Regular,Arroz,Centro,ABYT057271,Atole mix,0.00
2019,Jul,Mexico,Regular,Arroz,Centro,ABYT057271,Atole mix,28903.49
2020,Jan,Mexico,Regular,Arroz,Centro,ABYT057271,Atole mix,0.00
2020,Feb,Mexico,Regular,Arroz,Centro,ABYT057271,Atole mix,-39.94
2020,Feb,Mexico,Regular,Arroz,Centro,ABYT057271,Atole mix,18439.28
2020,Mar,Mexico,Regular,Arroz,Centro,ABYT057271,Atole mix,10639.77
2020,Mar,Mexico,Regular,Arroz,Centro,ABYT057271,Atole mix,0.00
2020,Jul,Mexico,Regular,Arroz,Centro,ABYT057271,Atole mix,0.00
2020,Jun,Mexico,Regular,Arroz,Centro,ABYT057271,Atole mix,0.00
2019,Jan,Mexico,Regular,Arroz,Centro,ABYT057271,Atole mix,967807.32
2019,May,Mexico,Regular,Arroz,Centro,ABYT057271,Atole mix,0.00
2019,May,Mexico,Regular,Arroz,Centro,ABYT057271,Atole mix,0.00
2019,Jun,Mexico,Regular,Arroz,Centro,ABYT057271,Atole mix,109755.18
2020,Mar,Mexico,Regular,Arroz,Centro,ABYT057271,Atole mix,0.00
2020,Apr,Mexico,Regular,Arroz,Centro,ABYT057271,Atole mix,0.00
2020,May,Mexico,Regular,Arroz,Centro,ABYT057271,Atole mix,437885.83
2020,Jun,Mexico,Regular,Arroz,Centro,ABYT057271,Atole mix,1314632.66
2020,Jul,Mexico,Regular,Arroz,Centro,ABYT057271,Atole mix,0.00
2019,Mar,Mexico,Regular,Arroz,Centro,ABYT057271,Atole mix,0.00
2019,Oct,Mexico,Regular,Arroz,Centro,ABYT057271,Atole mix,4847.83
2020,Feb,Mexico,Regular,Arroz,Centro,ABYT057271,Atole mix,7831.57
2020,Jun,Mexico,Regular,Arroz,Centro,ABYT057271,Atole mix,4801.13
2020,Jun,Mexico,Regular,Arroz,Centro,ABYT057271,Atole mix,1671.39
2020,Aug,Mexico,Regular,Arroz,Centro,ABYT057271,Atole mix,850.80
2019,Feb,Mexico,Regular,Verde,Centro,206054370,Tamal mix,7165.86
2019,May,Mexico,Regular,Verde,Centro,206054370,Tamal mix,6335.87
2019,Jul,Mexico,Regular,Verde,Centro,206054370,Tamal mix,5260.07
2019,Mar,Mexico,Regular,Cajeta,Centro,ABYT055818,Atole mix,0.00
2020,Mar,Mexico,Regular,Cajeta,Centro,ABYT055818,Atole mix,0.00
2020,May,Mexico,Regular,Cajeta,Centro,ABYT055818,Atole mix,0.00
2020,Aug,Mexico,Regular,Cajeta,Centro,ABYT055818,Atole mix,577.92
2019,Apr,Mexico,Regular,Arroz,Centro,ABYT057271,Atole mix,7497.89
2019,Aug,Mexico,Regular,Arroz,Centro,ABYT057271,Atole mix,8418.99
2019,Dec,Mexico,Regular,Arroz,Centro,ABYT057271,Atole mix,0.00
2020,Jan,Mexico,Regular,Arroz,Centro,ABYT057271,Atole mix,16334.19
2020,Mar,Mexico,Regular,Arroz,Centro,ABYT057271,Atole mix,0.00
2019,May,Mexico,Regular,Arroz,Centro,ABYT057271,Atole mix,0.00
2019,Sep,Mexico,Regular,Arroz,Centro,ABYT057271,Atole mix,525598.87
2020,Jan,Mexico,Regular,Arroz,Centro,ABYT057271,Atole mix,0.00
2020,Jan,Mexico,Regular,Arroz,Centro,ABYT057271,Atole mix,0.00
2019,May,Mexico,Regular,Arroz,Centro,ABYT057271,Atole mix,53.89
2019,Sep,Mexico,Regular,Arroz,Centro,ABYT057271,Atole mix,34586.82
2019,Sep,Mexico,Regular,Arroz,Centro,ABYT057271,Atole mix,0.00
2019,Nov,Mexico,Regular,Arroz,Centro,ABYT057271,Atole mix,411.06
2020,May,Mexico,Regular,Arroz,Centro,ABYT057271,Atole mix,34729.20
2020,Jun,Mexico,Regular,Arroz,Centro,ABYT057271,Atole mix,41819.66
2019,Feb,Mexico,Regular,Arroz,Centro,ABYT057271,Atole mix,0.00
2019,Feb,Mexico,Regular,Arroz,Centro,ABYT057271,Atole mix,0.00
2019,May,Mexico,Regular,Arroz,Centro,ABYT057271,Atole mix,0.00
2019,Jun,Mexico,Regular,Arroz,Centro,ABYT057271,Atole mix,223763.88
2019,Nov,Mexico,Regular,Arroz,Centro,ABYT057271,Atole mix,180558.31
2020,Jan,Mexico,Regular,Arroz,Centro,ABYT057271,Atole mix,13.74
2020,Apr,Mexico,Regular,Arroz,Centro,ABYT057271,Atole mix,273125.61
2019,Feb,Mexico,Regular,Arroz,Centro,ABYT057271,Atole mix,102949.42
2019,Jan,Mexico,Regular,Arroz,Centro,ABYT057271,Atole mix,0.00
2019,Sep,Mexico,Regular,Arroz,Centro,ABYT057271,Atole mix,29226.53
2019,Oct,Mexico,Regular,Arroz,Centro,ABYT057271,Atole mix,19970.39
2020,Jan,Mexico,Regular,Arroz,Centro,ABYT057271,Atole mix,-17.83
2020,May,Mexico,Regular,Arroz,Centro,ABYT057271,Atole mix,449.45
2020,Jun,Mexico,Regular,Arroz,Centro,ABYT057271,Atole mix,0.00
2020,Jul,Mexico,Regular,Arroz,Centro,ABYT057271,Atole mix,16648.89
2020,Jul,Mexico,Regular,Arroz,Centro,ABYT057271,Atole mix,39.45
2020,Jan,Mexico,Regular,Arroz,Centro,ABYT057271,Atole mix,0.00
2019,Jan,Mexico,Regular,Arroz,Centro,ABYT057271,Atole mix,0.00
2019,Mar,Mexico,Regular,Arroz,Centro,ABYT057271,Atole mix,0.00
2019,Jun,Mexico,Regular,Arroz,Centro,ABYT057271,Atole mix,0.00
2019,Aug,Mexico,Regular,Arroz,Centro,ABYT057271,Atole mix,127991.89
2019,Aug,Mexico,Regular,Arroz,Centro,ABYT057271,Atole mix,16016.30
2019,Sep,Mexico,Regular,Arroz,Centro,ABYT057271,Atole mix,0.00
2020,Mar,Mexico,Regular,Arroz,Centro,ABYT057271,Atole mix,0.00
2020,Apr,Mexico,Regular,Arroz,Centro,ABYT057271,Atole mix,406479.35
2020,Mar,Mexico,Regular,Arroz,Centro,ABYT057271,Atole mix,10746.32
2020,Aug,Mexico,Regular,Arroz,Centro,ABYT057271,Atole mix,2426.59
2019,Jan,Mexico,Regular,Verde,Centro,206054370,Tamal mix,0.00
2019,Mar,Mexico,Regular,Arroz,Centro,ABYT057271,Atole mix,0.00
2019,Jul,Mexico,Regular,Arroz,Centro,ABYT057271,Atole mix,0.00
2019,Sep,Mexico,Regular,Arroz,Centro,ABYT057271,Atole mix,10115.36
2020,Jun,Mexico,Regular,Arroz,Centro,ABYT057271,Atole mix,16496.68
2020,Jun,Mexico,Regular,Arroz,Centro,ABYT057271,Atole mix,0.00
2020,Aug,Mexico,Regular,Arroz,Centro,ABYT057271,Atole mix,26410.87
2019,Sep,Mexico,Regular,Arroz,Centro,ABYT057271,Atole mix,0.00
2020,Jun,Mexico,Regular,Arroz,Centro,ABYT057271,Atole mix,0.00
2019,Jul,Mexico,Regular,Arroz,Centro,ABYT057271,Atole mix,293.77
2019,Aug,Mexico,Regular,Arroz,Centro,ABYT057271,Atole mix,806.27
2020,Jan,Mexico,Regular,Arroz,Centro,ABYT057271,Atole mix,0.00
2019,Jan,Mexico,Regular,Arroz,Centro,ABYT057271,Atole mix,96.16
2019,May,Mexico,Regular,Arroz,Centro,ABYT057271,Atole mix,397.32
2020,Jun,Mexico,Regular,Arroz,Centro,ABYT057271,Atole mix,0.00
2019,Feb,Mexico,Regular,Cajeta,Centro,ABYT055818,Atole mix,4033.50
2019,Mar,Mexico,Regular,Cajeta,Centro,ABYT055818,Atole mix,5873.62
2019,Jul,Mexico,Regular,Cajeta,Centro,ABYT055818,Atole mix,7918.21
2019,Nov,Mexico,Regular,Cajeta,Centro,ABYT055818,Atole mix,0.00
2019,Dec,Mexico,Regular,Cajeta,Centro,ABYT055818,Atole mix,8576.26
2020,May,Mexico,Regular,Cajeta,Centro,ABYT055818,Atole mix,1742.07
2019,Jan,Mexico,Regular,Arroz,Centro,ABYT057271,Atole mix,10975.94
2019,Mar,Mexico,Regular,Arroz,Centro,ABYT057271,Atole mix,0.00
2019,Sep,Mexico,Regular,Arroz,Centro,ABYT057271,Atole mix,0.00
2019,Nov,Mexico,Regular,Arroz,Centro,ABYT057271,Atole mix,0.00
2019,Jan,Mexico,Regular,Arroz,Centro,ABYT057271,Atole mix,0.00
2019,Jun,Mexico,Regular,Arroz,Centro,ABYT057271,Atole mix,20446.49
2020,Mar,Mexico,Regular,Arroz,Centro,ABYT057271,Atole mix,8712.05
2020,Mar,Mexico,Regular,Arroz,Centro,ABYT057271,Atole mix,0.00
2020,May,Mexico,Regular,Arroz,Centro,ABYT057271,Atole mix,0.00
2019,Jan,Mexico,Regular,Arroz,Centro,ABYT057271,Atole mix,404070.88
2019,Feb,Mexico,Regular,Arroz,Centro,ABYT057271,Atole mix,0.00
2019,Jun,Mexico,Regular,Arroz,Centro,ABYT057271,Atole mix,809.18
2019,Sep,Mexico,Regular,Arroz,Centro,ABYT057271,Atole mix,65942.93
2019,Oct,Mexico,Regular,Arroz,Centro,ABYT057271,Atole mix,438515.63
2019,Nov,Mexico,Regular,Arroz,Centro,ABYT057271,Atole mix,107164.13
2019,Dec,Mexico,Regular,Arroz,Centro,ABYT057271,Atole mix,203037.32
2020,Jan,Mexico,Regular,Arroz,Centro,ABYT057271,Atole mix,308861.81
2020,Mar,Mexico,Regular,Arroz,Centro,ABYT057271,Atole mix,0.00
2019,Feb,Mexico,Regular,Arroz,Centro,ABYT057271,Atole mix,0.00
2019,Jul,Mexico,Regular,Arroz,Centro,ABYT057271,Atole mix,27358.14
2019,Aug,Mexico,Regular,Arroz,Centro,ABYT057271,Atole mix,49621.31
2020,Apr,Mexico,Regular,Arroz,Centro,ABYT057271,Atole mix,44898.51
2020,Apr,Mexico,Regular,Arroz,Centro,ABYT057271,Atole mix,943.64
2020,May,Mexico,Regular,Arroz,Centro,ABYT057271,Atole mix,0.00
2020,May,Mexico,Regular,Arroz,Centro,ABYT057271,Atole mix,0.00
2020,Jun,Mexico,Regular,Arroz,Centro,ABYT057271,Atole mix,0.00
2019,Apr,Mexico,Regular,Arroz,Centro,ABYT057271,Atole mix,8246.56
2019,Jun,Mexico,Regular,Arroz,Centro,ABYT057271,Atole mix,0.00
2019,Jul,Mexico,Regular,Arroz,Centro,ABYT057271,Atole mix,100.39
2020,Feb,Mexico,Regular,Arroz,Centro,ABYT057271,Atole mix,163380.51
2020,Apr,Mexico,Regular,Arroz,Centro,ABYT057271,Atole mix,0.00
2020,Jul,Mexico,Regular,Arroz,Centro,ABYT057271,Atole mix,792.53
2019,Oct,Mexico,Regular,Arroz,Centro,ABYT057271,Atole mix,0.00
2020,Feb,Mexico,Regular,Arroz,Centro,ABYT057271,Atole mix,102737.98
2020,May,Mexico,Regular,Arroz,Centro,ABYT057271,Atole mix,0.00
2020,May,Mexico,Regular,Arroz,Centro,ABYT057271,Atole mix,634.03
2019,Mar,Mexico,Regular,Arroz,Centro,ABYT057271,Atole mix,0.00
2019,Apr,Mexico,Regular,Arroz,Centro,ABYT057271,Atole mix,0.00
2020,Jun,Mexico,Regular,Arroz,Centro,ABYT057271,Atole mix,0.00
2020,Jun,Mexico,Regular,Arroz,Centro,ABYT057271,Atole mix,15800.73
2019,Mar,Mexico,Regular,Arroz,Centro,ABYT057271,Atole mix,6500.35
2019,Sep,Mexico,Regular,Arroz,Centro,ABYT057271,Atole mix,5848.56
2020,Jan,Mexico,Regular,Arroz,Centro,ABYT057271,Atole mix,0.00
2020,May,Mexico,Regular,Arroz,Centro,ABYT057271,Atole mix,2913.32
2020,Jun,Mexico,Regular,Arroz,Centro,ABYT057271,Atole mix,0.00
2020,Jun,Mexico,Regular,Arroz,Centro,ABYT057271,Atole mix,0.00
2020,Aug,Mexico,Regular,Arroz,Centro,ABYT057271,Atole mix,788.26
2019,Sep,Mexico,Regular,Verde,Centro,206054370,Tamal mix,0.00
2020,Aug,Mexico,Regular,Verde,Centro,206054370,Tamal mix,792.95
2019,Jun,Mexico,Regular,Cajeta,Centro,ABYT055818,Atole mix,0.00
2020,Apr,Mexico,Regular,Cajeta,Centro,ABYT055818,Atole mix,2209.67
2020,May,Mexico,Regular,Cajeta,Centro,ABYT055818,Atole mix,1563.93
2020,Aug,Mexico,Regular,Cajeta,Centro,ABYT055818,Atole mix,345.19
2019,May,Mexico,Regular,Arroz,Centro,ABYT057271,Atole mix,32.41
2019,Jun,Mexico,Regular,Arroz,Centro,ABYT057271,Atole mix,27499.05
2019,Aug,Mexico,Regular,Arroz,Centro,ABYT057271,Atole mix,23414.79
2020,Jan,Mexico,Regular,Arroz,Centro,ABYT057271,Atole mix,12833.24
2020,May,Mexico,Regular,Arroz,Centro,ABYT057271,Atole mix,0.00
2020,May,Mexico,Regular,Arroz,Centro,ABYT057271,Atole mix,0.00
2020,Jul,Mexico,Regular,Arroz,Centro,ABYT057271,Atole mix,0.00
2019,May,Mexico,Regular,Cajeta,Centro,ABYT055818,Atole mix,5127.89
2019,May,Mexico,Regular,Cajeta,Centro,ABYT055818,Atole mix,0.00
2019,Sep,Mexico,Regular,Cajeta,Centro,ABYT055818,Atole mix,0.00
2020,Jun,Mexico,Regular,Cajeta,Centro,ABYT055818,Atole mix,0.00
2020,Feb,Mexico,Regular,Arroz,Centro,ABYT057271,Atole mix,0.00
2020,Mar,Mexico,Regular,Arroz,Centro,ABYT057271,Atole mix,0.00
2020,Aug,Mexico,Regular,Arroz,Centro,ABYT057271,Atole mix,106293.44
2020,Aug,Mexico,Regular,Arroz,Centro,ABYT057271,Atole mix,911.79
2019,Jun,Mexico,Regular,Arroz,Centro,ABYT057271,Atole mix,1200442.36
2019,Oct,Mexico,Regular,Arroz,Centro,ABYT057271,Atole mix,0.00
2019,Nov,Mexico,Regular,Arroz,Centro,ABYT057271,Atole mix,24004.10
2020,Feb,Mexico,Regular,Arroz,Centro,ABYT057271,Atole mix,0.00
2020,Mar,Mexico,Regular,Arroz,Centro,ABYT057271,Atole mix,26415.14
2020,Apr,Mexico,Regular,Arroz,Centro,ABYT057271,Atole mix,0.00
2020,May,Mexico,Regular,Arroz,Centro,ABYT057271,Atole mix,0.00
2019,Jan,Mexico,Regular,Arroz,Centro,ABYT057271,Atole mix,0.00
2020,Aug,Mexico,Regular,Arroz,Centro,ABYT057271,Atole mix,2100.43
2019,Mar,Mexico,Regular,Verde,Centro,206054370,Tamal mix,0.00
2019,Apr,Mexico,Regular,Verde,Centro,206054370,Tamal mix,0.00
2020,Jan,Mexico,Regular,Verde,Centro,206054370,Tamal mix,0.00
2020,Jun,Mexico,Regular,Verde,Centro,206054370,Tamal mix,5279.30
2019,Feb,Mexico,Regular,Arroz,Centro,ABYT057271,Atole mix,15226.24
2019,Jun,Mexico,Regular,Arroz,Centro,ABYT057271,Atole mix,0.00
2019,Jun,Mexico,Regular,Arroz,Centro,ABYT057271,Atole mix,0.00
2019,Aug,Mexico,Regular,Arroz,Centro,ABYT057271,Atole mix,0.00
2020,Jan,Mexico,Regular,Arroz,Centro,ABYT057271,Atole mix,16300.59
2020,Jan,Mexico,Regular,Arroz,Centro,ABYT057271,Atole mix,0.00
2020,Mar,Mexico,Regular,Arroz,Centro,ABYT057271,Atole mix,20671.04
2020,May,Mexico,Regular,Arroz,Centro,ABYT057271,Atole mix,0.00
2019,May,Mexico,Regular,Arroz,Centro,ABYT057271,Atole mix,390576.67
2019,Aug,Mexico,Regular,Arroz,Centro,ABYT057271,Atole mix,0.00
2019,Sep,Mexico,Regular,Arroz,Centro,ABYT057271,Atole mix,4054.60
2020,Apr,Mexico,Regular,Arroz,Centro,ABYT057271,Atole mix,244603.00
2020,Jun,Mexico,Regular,Arroz,Centro,ABYT057271,Atole mix,13244.81
2020,Jul,Mexico,Regular,Arroz,Centro,ABYT057271,Atole mix,507741.23
2019,May,Mexico,Regular,Arroz,Centro,ABYT057271,Atole mix,0.00
2019,Oct,Mexico,Regular,Arroz,Centro,ABYT057271,Atole mix,2.11
2020,Aug,Mexico,Regular,Arroz,Centro,ABYT057271,Atole mix,9461.78
2019,Jul,Mexico,Regular,Arroz,Centro,ABYT057271,Atole mix,230918.93
2019,Jul,Mexico,Regular,Arroz,Centro,ABYT057271,Atole mix,0.00
2019,Sep,Mexico,Regular,Arroz,Centro,ABYT057271,Atole mix,214269.15
2019,Sep,Mexico,Regular,Arroz,Centro,ABYT057271,Atole mix,0.00
2019,Dec,Mexico,Regular,Arroz,Centro,ABYT057271,Atole mix,8005.28
2020,Mar,Mexico,Regular,Arroz,Centro,ABYT057271,Atole mix,1254.31
2020,Jul,Mexico,Regular,Arroz,Centro,ABYT057271,Atole mix,0.00
2020,Aug,Mexico,Regular,Arroz,Centro,ABYT057271,Atole mix,35.93
2019,Apr,Mexico,Regular,Arroz,Centro,ABYT057271,Atole mix,64.46
2019,Jun,Mexico,Regular,Arroz,Centro,ABYT057271,Atole mix,0.00
2019,Aug,Mexico,Regular,Arroz,Centro,ABYT057271,Atole mix,0.00
2019,Nov,Mexico,Regular,Arroz,Centro,ABYT057271,Atole mix,0.00
2019,Feb,Mexico,Regular,Arroz,Centro,ABYT057271,Atole mix,0.00
2019,Feb,Mexico,Regular,Arroz,Centro,ABYT057271,Atole mix,0.00
2019,Mar,Mexico,Regular,Arroz,Centro,ABYT057271,Atole mix,31.52
2019,May,Mexico,Regular,Arroz,Centro,ABYT057271,Atole mix,0.00
2019,Nov,Mexico,Regular,Arroz,Centro,ABYT057271,Atole mix,33.81
2019,Dec,Mexico,Regular,Arroz,Centro,ABYT057271,Atole mix,0.00
2020,Mar,Mexico,Regular,Arroz,Centro,ABYT057271,Atole mix,0.00
2020,Jul,Mexico,Regular,Arroz,Centro,ABYT057271,Atole mix,0.00
2020,May,Mexico,Regular,Arroz,Centro,ABYT057271,Atole mix,130948.60
2019,Aug,Mexico,Regular,Arroz,Centro,ABYT057271,Atole mix,0.00
2019,Sep,Mexico,Regular,Arroz,Centro,ABYT057271,Atole mix,159840.07
2020,Jan,Mexico,Regular,Arroz,Centro,ABYT057271,Atole mix,6900.58
2020,Feb,Mexico,Regular,Arroz,Centro,ABYT057271,Atole mix,7264.36
2020,May,Mexico,Regular,Arroz,Centro,ABYT057271,Atole mix,0.00
2019,Jul,Mexico,Regular,Arroz,Centro,ABYT057271,Atole mix,0.00
2020,Apr,Mexico,Regular,Arroz,Centro,ABYT057271,Atole mix,0.00
2020,Jun,Mexico,Regular,Arroz,Centro,ABYT057271,Atole mix,1629.70
2020,Jun,Mexico,Regular,Arroz,Centro,ABYT057271,Atole mix,0.00
2020,Mar,Mexico,Regular,Verde,Centro,206054370,Tamal mix,0.00
2020,Feb,Mexico,Regular,Cajeta,Centro,ABYT055818,Atole mix,0.00
2020,Apr,Mexico,Regular,Cajeta,Centro,ABYT055818,Atole mix,0.00
2020,Apr,Mexico,Regular,Cajeta,Centro,ABYT055818,Atole mix,0.00
2020,Jun,Mexico,Regular,Cajeta,Centro,ABYT055818,Atole mix,1966.89
2019,Sep,Mexico,Regular,Arroz,Centro,ABYT057271,Atole mix,0.00
2019,Oct,Mexico,Regular,Arroz,Centro,ABYT057271,Atole mix,7573.62
2019,Dec,Mexico,Regular,Arroz,Centro,ABYT057271,Atole mix,10041.21
2019,Dec,Mexico,Regular,Arroz,Centro,ABYT057271,Atole mix,24230.38
2020,Jan,Mexico,Regular,Arroz,Centro,ABYT057271,Atole mix,5961.78
2020,Jul,Mexico,Regular,Arroz,Centro,ABYT057271,Atole mix,0.00
2019,Jan,Mexico,Regular,Arroz,Centro,ABYT057271,Atole mix,0.00
2019,Jan,Mexico,Regular,Arroz,Centro,ABYT057271,Atole mix,38706.23
2019,Feb,Mexico,Regular,Arroz,Centro,ABYT057271,Atole mix,34008.10
2019,Mar,Mexico,Regular,Arroz,Centro,ABYT057271,Atole mix,0.00
2019,Aug,Mexico,Regular,Arroz,Centro,ABYT057271,Atole mix,368369.68
2019,Oct,Mexico,Regular,Arroz,Centro,ABYT057271,Atole mix,10291.04
2019,Nov,Mexico,Regular,Arroz,Centro,ABYT057271,Atole mix,0.00
2020,Feb,Mexico,Regular,Arroz,Centro,ABYT057271,Atole mix,115462.47
2020,Feb,Mexico,Regular,Arroz,Centro,ABYT057271,Atole mix,3001.32
2019,Jan,Mexico,Regular,Arroz,Centro,ABYT057271,Atole mix,0.00
2019,Apr,Mexico,Regular,Arroz,Centro,ABYT057271,Atole mix,309.62
2019,Jul,Mexico,Regular,Arroz,Centro,ABYT057271,Atole mix,0.00
2019,Feb,Mexico,Regular,Arroz,Centro,ABYT057271,Atole mix,191353.68
2019,Mar,Mexico,Regular,Arroz,Centro,ABYT057271,Atole mix,0.00
2019,Dec,Mexico,Regular,Arroz,Centro,ABYT057271,Atole mix,204990.80
2019,May,Mexico,Regular,Arroz,Centro,ABYT057271,Atole mix,120985.24
2019,Sep,Mexico,Regular,Arroz,Centro,ABYT057271,Atole mix,0.00
2019,Oct,Mexico,Regular,Arroz,Centro,ABYT057271,Atole mix,0.00
2019,Jul,Mexico,Regular,Arroz,Centro,ABYT057271,Atole mix,38.04
2019,Aug,Mexico,Regular,Arroz,Centro,ABYT057271,Atole mix,57.77
2020,Jan,Mexico,Regular,Arroz,Centro,ABYT057271,Atole mix,19464.24
2020,Mar,Mexico,Regular,Arroz,Centro,ABYT057271,Atole mix,0.00
2020,Mar,Mexico,Regular,Arroz,Centro,ABYT057271,Atole mix,31380.41
2020,Apr,Mexico,Regular,Arroz,Centro,ABYT057271,Atole mix,10508.74
2020,Jul,Mexico,Regular,Arroz,Centro,ABYT057271,Atole mix,4075.08
2019,Aug,Mexico,Regular,Cajeta,Centro,ABYT055818,Atole mix,0.00
2019,Sep,Mexico,Regular,Cajeta,Centro,ABYT055818,Atole mix,4253.62
2019,Oct,Mexico,Regular,Cajeta,Centro,ABYT055818,Atole mix,1004.58
2019,Nov,Mexico,Regular,Cajeta,Centro,ABYT055818,Atole mix,4100.60
2019,Dec,Mexico,Regular,Cajeta,Centro,ABYT055818,Atole mix,0.00
2020,Mar,Mexico,Regular,Cajeta,Centro,ABYT055818,Atole mix,3023.52
2020,Jun,Mexico,Regular,Cajeta,Centro,ABYT055818,Atole mix,0.00
2020,Jul,Mexico,Regular,Cajeta,Centro,ABYT055818,Atole mix,0.00
2019,May,Mexico,Regular,Arroz,Centro,ABYT057271,Atole mix,16585.34
2019,Jun,Mexico,Regular,Arroz,Centro,ABYT057271,Atole mix,9980.80
2019,Sep,Mexico,Regular,Arroz,Centro,ABYT057271,Atole mix,21812.62
2019,Nov,Mexico,Regular,Arroz,Centro,ABYT057271,Atole mix,0.00
2019,Feb,Mexico,Regular,Arroz,Centro,ABYT057271,Atole mix,0.00
2019,Mar,Mexico,Regular,Arroz,Centro,ABYT057271,Atole mix,17462.13
2019,Jun,Mexico,Regular,Arroz,Centro,ABYT057271,Atole mix,0.00
2019,Jul,Mexico,Regular,Arroz,Centro,ABYT057271,Atole mix,0.00
2020,Mar,Mexico,Regular,Arroz,Centro,ABYT057271,Atole mix,175700.23
2020,Aug,Mexico,Regular,Arroz,Centro,ABYT057271,Atole mix,115520.04
2019,Feb,Mexico,Regular,Arroz,Centro,ABYT057271,Atole mix,0.00
2020,May,Mexico,Regular,Arroz,Centro,ABYT057271,Atole mix,3125.75
2019,Jun,Mexico,Regular,Arroz,Centro,ABYT057271,Atole mix,0.00
2019,Oct,Mexico,Regular,Arroz,Centro,ABYT057271,Atole mix,178276.43
2019,Oct,Mexico,Regular,Arroz,Centro,ABYT057271,Atole mix,0.00
2019,Oct,Mexico,Regular,Arroz,Centro,ABYT057271,Atole mix,0.00
2020,Jan,Mexico,Regular,Arroz,Centro,ABYT057271,Atole mix,0.00
2019,Feb,Mexico,Regular,Arroz,Centro,ABYT057271,Atole mix,94.05
2019,Mar,Mexico,Regular,Arroz,Centro,ABYT057271,Atole mix,0.00
2020,Apr,Mexico,Regular,Arroz,Centro,ABYT057271,Atole mix,0.00
2019,Feb,Mexico,Regular,Arroz,Centro,ABYT057271,Atole mix,934659.05
2019,Nov,Mexico,Regular,Arroz,Centro,ABYT057271,Atole mix,0.00
2020,May,Mexico,Regular,Arroz,Centro,ABYT057271,Atole mix,11961.17
2019,Jan,Mexico,Regular,Arroz,Centro,ABYT057271,Atole mix,4516.48
2019,Nov,Mexico,Regular,Arroz,Centro,ABYT057271,Atole mix,0.00
2020,Jul,Mexico,Regular,Arroz,Centro,ABYT057271,Atole mix,2370.00
2020,Feb,Mexico,Regular,Verde,Centro,206054370,Tamal mix,5739.60
2020,Apr,Mexico,Regular,Verde,Centro,206054370,Tamal mix,0.00
2020,Jul,Mexico,Regular,Verde,Centro,206054370,Tamal mix,4693.97
2019,Feb,Mexico,Regular,Arroz,Centro,ABYT057271,Atole mix,0.00
2019,Feb,Mexico,Regular,Arroz,Centro,ABYT057271,Atole mix,20082.96
2019,Mar,Mexico,Regular,Arroz,Centro,ABYT057271,Atole mix,0.00
2019,Jun,Mexico,Regular,Arroz,Centro,ABYT057271,Atole mix,0.00
2019,Aug,Mexico,Regular,Arroz,Centro,ABYT057271,Atole mix,0.00
2019,Oct,Mexico,Regular,Arroz,Centro,ABYT057271,Atole mix,0.00
2020,Jan,Mexico,Regular,Arroz,Centro,ABYT057271,Atole mix,0.00
2020,Jan,Mexico,Regular,Arroz,Centro,ABYT057271,Atole mix,257.84
2020,Aug,Mexico,Regular,Arroz,Centro,ABYT057271,Atole mix,33.91
2019,Jan,Mexico,Regular,Arroz,Centro,ABYT057271,Atole mix,14641.14
2019,Jan,Mexico,Regular,Arroz,Centro,ABYT057271,Atole mix,14717.28
2019,Aug,Mexico,Regular,Arroz,Centro,ABYT057271,Atole mix,0.00
2019,Nov,Mexico,Regular,Arroz,Centro,ABYT057271,Atole mix,17357.18
2019,Nov,Mexico,Regular,Arroz,Centro,ABYT057271,Atole mix,0.00
2020,Feb,Mexico,Regular,Arroz,Centro,ABYT057271,Atole mix,0.00
2020,Apr,Mexico,Regular,Arroz,Centro,ABYT057271,Atole mix,0.00
2019,Jan,Mexico,Regular,Arroz,Centro,ABYT057271,Atole mix,0.00
2019,Nov,Mexico,Regular,Arroz,Centro,ABYT057271,Atole mix,12790.55
2020,Jan,Mexico,Regular,Arroz,Centro,ABYT057271,Atole mix,0.00
2020,Feb,Mexico,Regular,Arroz,Centro,ABYT057271,Atole mix,0.00
2020,Jun,Mexico,Regular,Arroz,Centro,ABYT057271,Atole mix,285238.79
2020,Jul,Mexico,Regular,Arroz,Centro,ABYT057271,Atole mix,0.00
2019,Aug,Mexico,Regular,Arroz,Centro,ABYT057271,Atole mix,0.00
2019,Sep,Mexico,Regular,Arroz,Centro,ABYT057271,Atole mix,0.00
2019,Nov,Mexico,Regular,Arroz,Centro,ABYT057271,Atole mix,0.00
2020,Aug,Mexico,Regular,Arroz,Centro,ABYT057271,Atole mix,29933.39
2019,Aug,Mexico,Regular,Arroz,Centro,ABYT057271,Atole mix,366.68
2019,Dec,Mexico,Regular,Arroz,Centro,ABYT057271,Atole mix,0.00
2020,Aug,Mexico,Regular,Arroz,Centro,ABYT057271,Atole mix,153861.58
2019,Oct,Mexico,Regular,Arroz,Centro,ABYT057271,Atole mix,135677.71
2019,Oct,Mexico,Regular,Cajeta,Centro,ABYT055818,Atole mix,0.00
2019,Jul,Mexico,Regular,Arroz,Centro,ABYT057271,Atole mix,27569.31
2019,Nov,Mexico,Regular,Arroz,Centro,ABYT057271,Atole mix,936566.02
2019,Dec,Mexico,Regular,Arroz,Centro,ABYT057271,Atole mix,342835.82
2020,May,Mexico,Regular,Arroz,Centro,ABYT057271,Atole mix,1143511.90
2019,Oct,Mexico,Regular,Arroz,Centro,ABYT057271,Atole mix,0.00
2020,May,Mexico,Regular,Arroz,Centro,ABYT057271,Atole mix,1068.49
2019,Dec,Mexico,Regular,Verde,Centro,206054370,Tamal mix,0.00
2019,Feb,Mexico,Regular,Arroz,Centro,ABYT057271,Atole mix,16226.38
2019,Aug,Mexico,Regular,Arroz,Centro,ABYT057271,Atole mix,0.00
2019,Oct,Mexico,Regular,Arroz,Centro,ABYT057271,Atole mix,26003.32
2019,Dec,Mexico,Regular,Arroz,Centro,ABYT057271,Atole mix,29936.17
2019,Dec,Mexico,Regular,Arroz,Centro,ABYT057271,Atole mix,0.00
2020,Jan,Mexico,Regular,Arroz,Centro,ABYT057271,Atole mix,0.00
2020,Feb,Mexico,Regular,Arroz,Centro,ABYT057271,Atole mix,0.00
2020,Aug,Mexico,Regular,Arroz,Centro,ABYT057271,Atole mix,646.12
2020,Apr,Mexico,Regular,Cajeta,Centro,ABYT055818,Atole mix,5341.67
2020,Mar,Mexico,Regular,Arroz,Centro,ABYT057271,Atole mix,175843.28
2020,Mar,Mexico,Regular,Arroz,Centro,ABYT057271,Atole mix,4388.52
2020,Jul,Mexico,Regular,Arroz,Centro,ABYT057271,Atole mix,0.00
2019,Feb,Mexico,Regular,Arroz,Centro,ABYT057271,Atole mix,0.00
2019,Mar,Mexico,Regular,Arroz,Centro,ABYT057271,Atole mix,1028337.40
2019,Apr,Mexico,Regular,Arroz,Centro,ABYT057271,Atole mix,0.00
2020,Feb,Mexico,Regular,Arroz,Centro,ABYT057271,Atole mix,0.00
2020,Mar,Mexico,Regular,Arroz,Centro,ABYT057271,Atole mix,303273.67
2019,Jan,Mexico,Regular,Arroz,Centro,ABYT057271,Atole mix,0.00
2019,Feb,Mexico,Regular,Arroz,Centro,ABYT057271,Atole mix,0.00
2019,Jun,Mexico,Regular,Arroz,Centro,ABYT057271,Atole mix,5865.29
2020,Feb,Mexico,Regular,Arroz,Centro,ABYT057271,Atole mix,0.00
2020,Jul,Mexico,Regular,Arroz,Centro,ABYT057271,Atole mix,0.00
2019,Jan,Mexico,Regular,Verde,Centro,206054370,Tamal mix,6597.47
2019,Nov,Mexico,Regular,Verde,Centro,206054370,Tamal mix,0.00
2019,Feb,Mexico,Regular,Arroz,Centro,ABYT057271,Atole mix,0.00
2019,Apr,Mexico,Regular,Arroz,Centro,ABYT057271,Atole mix,0.00
2019,May,Mexico,Regular,Arroz,Centro,ABYT057271,Atole mix,0.00
2019,Jun,Mexico,Regular,Arroz,Centro,ABYT057271,Atole mix,0.00
2020,Jan,Mexico,Regular,Arroz,Centro,ABYT057271,Atole mix,0.00
2020,Feb,Mexico,Regular,Arroz,Centro,ABYT057271,Atole mix,0.00
2020,Mar,Mexico,Regular,Arroz,Centro,ABYT057271,Atole mix,20721.15
2020,Jul,Mexico,Regular,Arroz,Centro,ABYT057271,Atole mix,0.00
2020,Aug,Mexico,Regular,Arroz,Centro,ABYT057271,Atole mix,-1269.11
2019,Feb,Mexico,Regular,Arroz,Centro,ABYT057271,Atole mix,0.00
2019,Mar,Mexico,Regular,Arroz,Centro,ABYT057271,Atole mix,0.00
2019,Jul,Mexico,Regular,Arroz,Centro,ABYT057271,Atole mix,409089.72
2019,Jul,Mexico,Regular,Arroz,Centro,ABYT057271,Atole mix,0.00
2019,Oct,Mexico,Regular,Arroz,Centro,ABYT057271,Atole mix,0.00
2019,Nov,Mexico,Regular,Arroz,Centro,ABYT057271,Atole mix,430584.56
2020,Jan,Mexico,Regular,Arroz,Centro,ABYT057271,Atole mix,128659.73
2020,Apr,Mexico,Regular,Arroz,Centro,ABYT057271,Atole mix,0.00
2020,Jul,Mexico,Regular,Arroz,Centro,ABYT057271,Atole mix,0.00
2020,Jul,Mexico,Regular,Arroz,Centro,ABYT057271,Atole mix,9430.35
2020,Aug,Mexico,Regular,Arroz,Centro,ABYT057271,Atole mix,364605.75
2019,Aug,Mexico,Regular,Arroz,Centro,ABYT057271,Atole mix,0.00
2019,Oct,Mexico,Regular,Arroz,Centro,ABYT057271,Atole mix,0.00
2020,Feb,Mexico,Regular,Arroz,Centro,ABYT057271,Atole mix,0.00
2020,Apr,Mexico,Regular,Arroz,Centro,ABYT057271,Atole mix,0.00
2019,Jan,Mexico,Regular,Arroz,Centro,ABYT057271,Atole mix,0.00
2020,Jan,Mexico,Regular,Arroz,Centro,ABYT057271,Atole mix,147254.33
2020,Apr,Mexico,Regular,Arroz,Centro,ABYT057271,Atole mix,72.91
2020,May,Mexico,Regular,Arroz,Centro,ABYT057271,Atole mix,1247.97
2019,Feb,Mexico,Regular,Arroz,Centro,ABYT057271,Atole mix,0.00
2019,Jul,Mexico,Regular,Arroz,Centro,ABYT057271,Atole mix,460.73
2019,Mar,Mexico,Regular,Arroz,Centro,ABYT057271,Atole mix,17896.17
2019,May,Mexico,Regular,Arroz,Centro,ABYT057271,Atole mix,11764.11
2019,Jun,Mexico,Regular,Arroz,Centro,ABYT057271,Atole mix,31791.53
2019,Oct,Mexico,Regular,Arroz,Centro,ABYT057271,Atole mix,0.00
2019,Oct,Mexico,Regular,Arroz,Centro,ABYT057271,Atole mix,634.03
2019,Nov,Mexico,Regular,Arroz,Centro,ABYT057271,Atole mix,12731.32
2019,Dec,Mexico,Regular,Arroz,Centro,ABYT057271,Atole mix,0.00
2020,Mar,Mexico,Regular,Arroz,Centro,ABYT057271,Atole mix,1489.33
2020,Apr,Mexico,Regular,Arroz,Centro,ABYT057271,Atole mix,27696.89
2020,Apr,Mexico,Regular,Arroz,Centro,ABYT057271,Atole mix,0.00
2020,May,Mexico,Regular,Arroz,Centro,ABYT057271,Atole mix,0.00
2020,Jun,Mexico,Regular,Arroz,Centro,ABYT057271,Atole mix,588.94
2020,Aug,Mexico,Regular,Arroz,Centro,ABYT057271,Atole mix,375.54
2020,Aug,Mexico,Regular,Arroz,Centro,ABYT057271,Atole mix,10209.75
2019,Apr,Mexico,Regular,Cajeta,Centro,ABYT055818,Atole mix,4503.17
2019,Jul,Mexico,Regular,Cajeta,Centro,ABYT055818,Atole mix,0.00
2020,Feb,Mexico,Regular,Cajeta,Centro,ABYT055818,Atole mix,3916.87
2020,Mar,Mexico,Regular,Cajeta,Centro,ABYT055818,Atole mix,0.00
2020,Aug,Mexico,Regular,Cajeta,Centro,ABYT055818,Atole mix,330.96
2019,Jan,Mexico,Regular,Arroz,Centro,ABYT057271,Atole mix,0.00
2019,Sep,Mexico,Regular,Arroz,Centro,ABYT057271,Atole mix,21171.87
2020,Mar,Mexico,Regular,Arroz,Centro,ABYT057271,Atole mix,0.00
2019,Apr,Mexico,Regular,Arroz,Centro,ABYT057271,Atole mix,414994.81
2019,May,Mexico,Regular,Arroz,Centro,ABYT057271,Atole mix,45.17
2019,Aug,Mexico,Regular,Arroz,Centro,ABYT057271,Atole mix,0.00
2019,Nov,Mexico,Regular,Arroz,Centro,ABYT057271,Atole mix,0.00
2020,May,Mexico,Regular,Arroz,Centro,ABYT057271,Atole mix,0.00
2019,Feb,Mexico,Regular,Arroz,Centro,ABYT057271,Atole mix,50.72
2020,Jan,Mexico,Regular,Arroz,Centro,ABYT057271,Atole mix,20978.23
2020,Mar,Mexico,Regular,Arroz,Centro,ABYT057271,Atole mix,575.91
2020,Jul,Mexico,Regular,Arroz,Centro,ABYT057271,Atole mix,684.75
2020,Jul,Mexico,Regular,Arroz,Centro,ABYT057271,Atole mix,0.00
2019,Apr,Mexico,Regular,Arroz,Centro,ABYT057271,Atole mix,167700.68
2019,Apr,Mexico,Regular,Arroz,Centro,ABYT057271,Atole mix,0.00
2019,Aug,Mexico,Regular,Arroz,Centro,ABYT057271,Atole mix,0.00
2020,Apr,Mexico,Regular,Arroz,Centro,ABYT057271,Atole mix,0.00
2020,Jul,Mexico,Regular,Arroz,Centro,ABYT057271,Atole mix,186524.64
2020,Aug,Mexico,Regular,Arroz,Centro,ABYT057271,Atole mix,60976.75
2019,Mar,Mexico,Regular,Arroz,Centro,ABYT057271,Atole mix,0.00
2019,May,Mexico,Regular,Arroz,Centro,ABYT057271,Atole mix,0.00
2019,Nov,Mexico,Regular,Arroz,Centro,ABYT057271,Atole mix,0.00
2020,Jan,Mexico,Regular,Arroz,Centro,ABYT057271,Atole mix,99827.46
2019,Jun,Mexico,Regular,Arroz,Centro,ABYT057271,Atole mix,0.00
2019,Jul,Mexico,Regular,Arroz,Centro,ABYT057271,Atole mix,0.00
2019,Sep,Mexico,Regular,Arroz,Centro,ABYT057271,Atole mix,1120514.64
2019,Oct,Mexico,Regular,Arroz,Centro,ABYT057271,Atole mix,1065967.98
2020,Jan,Mexico,Regular,Arroz,Centro,ABYT057271,Atole mix,0.00
2020,Aug,Mexico,Regular,Arroz,Centro,ABYT057271,Atole mix,4463.93
2019,May,Mexico,Regular,Arroz,Centro,ABYT057271,Atole mix,0.00
2019,Sep,Mexico,Regular,Arroz,Centro,ABYT057271,Atole mix,0.00
2019,Dec,Mexico,Regular,Arroz,Centro,ABYT057271,Atole mix,15995.53
2020,Jul,Mexico,Regular,Arroz,Centro,ABYT057271,Atole mix,1017.61
2020,Jul,Mexico,Regular,Arroz,Centro,ABYT057271,Atole mix,0.00
2019,Jan,Mexico,Regular,Arroz,Centro,ABYT057271,Atole mix,19980.80
2019,Jan,Mexico,Regular,Arroz,Centro,ABYT057271,Atole mix,95.81
2019,Aug,Mexico,Regular,Arroz,Centro,ABYT057271,Atole mix,0.00
2019,Sep,Mexico,Regular,Arroz,Centro,ABYT057271,Atole mix,0.00
2020,Feb,Mexico,Regular,Arroz,Centro,ABYT057271,Atole mix,84.54
2020,Apr,Mexico,Regular,Arroz,Centro,ABYT057271,Atole mix,0.00
2020,Apr,Mexico,Regular,Arroz,Centro,ABYT057271,Atole mix,0.00
2020,Feb,Mexico,Regular,Cajeta,Centro,ABYT055818,Atole mix,2461.29
2020,Jul,Mexico,Regular,Cajeta,Centro,ABYT055818,Atole mix,2189.29
2020,Apr,Mexico,Regular,Arroz,Centro,ABYT057271,Atole mix,147.94
2020,Jul,Mexico,Regular,Arroz,Centro,ABYT057271,Atole mix,127427.10
2019,Mar,Mexico,Regular,Arroz,Centro,ABYT057271,Atole mix,0.00
2019,Apr,Mexico,Regular,Arroz,Centro,ABYT057271,Atole mix,0.00
2019,May,Mexico,Regular,Arroz,Centro,ABYT057271,Atole mix,1206.24
2019,Sep,Mexico,Regular,Arroz,Centro,ABYT057271,Atole mix,0.00
2019,Sep,Mexico,Regular,Arroz,Centro,ABYT057271,Atole mix,5630.42
2019,Dec,Mexico,Regular,Arroz,Centro,ABYT057271,Atole mix,1270901.25
2020,Jan,Mexico,Regular,Arroz,Centro,ABYT057271,Atole mix,783889.96
2020,Apr,Mexico,Regular,Arroz,Centro,ABYT057271,Atole mix,1182312.12
2020,Apr,Mexico,Regular,Arroz,Centro,ABYT057271,Atole mix,0.00
2020,Aug,Mexico,Regular,Arroz,Centro,ABYT057271,Atole mix,5154.57
2020,Jun,Mexico,Regular,Arroz,Centro,ABYT057271,Atole mix,0.00
2020,Feb,Mexico,Regular,Verde,Centro,206054370,Tamal mix,0.00
2019,Mar,Mexico,Regular,Arroz,Centro,ABYT057271,Atole mix,20104.59
2019,Mar,Mexico,Regular,Arroz,Centro,ABYT057271,Atole mix,19155.14
2019,May,Mexico,Regular,Arroz,Centro,ABYT057271,Atole mix,8267.00
2020,Feb,Mexico,Regular,Arroz,Centro,ABYT057271,Atole mix,17239.76
2020,May,Mexico,Regular,Arroz,Centro,ABYT057271,Atole mix,13962.30
2020,Jul,Mexico,Regular,Arroz,Centro,ABYT057271,Atole mix,13092.81
2020,Aug,Mexico,Regular,Arroz,Centro,ABYT057271,Atole mix,4015.17
2019,Feb,Mexico,Regular,Arroz,Centro,ABYT057271,Atole mix,369162.51
2019,Oct,Mexico,Regular,Arroz,Centro,ABYT057271,Atole mix,0.00
2019,Dec,Mexico,Regular,Arroz,Centro,ABYT057271,Atole mix,0.00
2020,Apr,Mexico,Regular,Arroz,Centro,ABYT057271,Atole mix,12285.32
2019,Mar,Mexico,Regular,Arroz,Centro,ABYT057271,Atole mix,0.00
2019,May,Mexico,Regular,Arroz,Centro,ABYT057271,Atole mix,33298.88
2020,Feb,Mexico,Regular,Arroz,Centro,ABYT057271,Atole mix,38285.77
2020,Mar,Mexico,Regular,Arroz,Centro,ABYT057271,Atole mix,52806.08
2020,Mar,Mexico,Regular,Arroz,Centro,ABYT057271,Atole mix,0.00
2019,Apr,Mexico,Regular,Arroz,Centro,ABYT057271,Atole mix,0.00
2019,Aug,Mexico,Regular,Arroz,Centro,ABYT057271,Atole mix,199855.25
2020,Feb,Mexico,Regular,Arroz,Centro,ABYT057271,Atole mix,0.00
2020,Feb,Mexico,Regular,Arroz,Centro,ABYT057271,Atole mix,184.92
2020,Mar,Mexico,Regular,Arroz,Centro,ABYT057271,Atole mix,239515.11
2020,Jun,Mexico,Regular,Arroz,Centro,ABYT057271,Atole mix,1113.06
2020,Aug,Mexico,Regular,Arroz,Centro,ABYT057271,Atole mix,271.78
2019,Jan,Mexico,Regular,Arroz,Centro,ABYT057271,Atole mix,0.00
2019,Apr,Mexico,Regular,Arroz,Centro,ABYT057271,Atole mix,0.00
2020,Apr,Mexico,Regular,Arroz,Centro,ABYT057271,Atole mix,0.00
2020,Jun,Mexico,Regular,Arroz,Centro,ABYT057271,Atole mix,15034.49
2020,Aug,Mexico,Regular,Arroz,Centro,ABYT057271,Atole mix,0.00
2020,Jan,Mexico,Regular,Cajeta,Centro,ABYT055818,Atole mix,0.00
2019,Dec,Mexico,Regular,Arroz,Centro,ABYT057271,Atole mix,0.00
2020,Apr,Mexico,Regular,Arroz,Centro,ABYT057271,Atole mix,171140.50
2020,Apr,Mexico,Regular,Arroz,Centro,ABYT057271,Atole mix,0.00
2020,Jul,Mexico,Regular,Arroz,Centro,ABYT057271,Atole mix,0.00
2019,Sep,Mexico,Regular,Arroz,Centro,ABYT057271,Atole mix,0.00
2019,Dec,Mexico,Regular,Arroz,Centro,ABYT057271,Atole mix,0.00
2020,Jan,Mexico,Regular,Arroz,Centro,ABYT057271,Atole mix,0.00
2020,Feb,Mexico,Regular,Arroz,Centro,ABYT057271,Atole mix,291631.88
2020,Jun,Mexico,Regular,Arroz,Centro,ABYT057271,Atole mix,0.00
2020,Jul,Mexico,Regular,Arroz,Centro,ABYT057271,Atole mix,1136024.54
2020,Jul,Mexico,Regular,Arroz,Centro,ABYT057271,Atole mix,0.00
2020,Aug,Mexico,Regular,Arroz,Centro,ABYT057271,Atole mix,3210.55
2019,Apr,Mexico,Regular,Arroz,Centro,ABYT057271,Atole mix,0.00
2020,Jul,Mexico,Regular,Arroz,Centro,ABYT057271,Atole mix,4708.17
2019,Apr,Mexico,Regular,Arroz,Centro,ABYT057271,Atole mix,0.00
2019,May,Mexico,Regular,Arroz,Centro,ABYT057271,Atole mix,0.00
2019,Jun,Mexico,Regular,Arroz,Centro,ABYT057271,Atole mix,20902.43
2019,Jul,Mexico,Regular,Arroz,Centro,ABYT057271,Atole mix,15955.52
2019,Oct,Mexico,Regular,Arroz,Centro,ABYT057271,Atole mix,0.00
2019,Nov,Mexico,Regular,Arroz,Centro,ABYT057271,Atole mix,16376.05
2019,Dec,Mexico,Regular,Arroz,Centro,ABYT057271,Atole mix,0.00
2020,Feb,Mexico,Regular,Arroz,Centro,ABYT057271,Atole mix,16082.92
2020,Jun,Mexico,Regular,Arroz,Centro,ABYT057271,Atole mix,34611.61
2020,Jul,Mexico,Regular,Arroz,Centro,ABYT057271,Atole mix,28297.44
2019,May,Mexico,Regular,Arroz,Centro,ABYT057271,Atole mix,0.00
2020,Feb,Mexico,Regular,Arroz,Centro,ABYT057271,Atole mix,0.00
2020,Mar,Mexico,Regular,Arroz,Centro,ABYT057271,Atole mix,0.00
2020,Jun,Mexico,Regular,Arroz,Centro,ABYT057271,Atole mix,661286.84
2019,Apr,Mexico,Regular,Arroz,Centro,ABYT057271,Atole mix,0.00
2019,Aug,Mexico,Regular,Arroz,Centro,ABYT057271,Atole mix,0.00
2020,Jan,Mexico,Regular,Arroz,Centro,ABYT057271,Atole mix,0.00
2019,Jan,Mexico,Regular,Arroz,Centro,ABYT057271,Atole mix,0.00
2019,Jun,Mexico,Regular,Arroz,Centro,ABYT057271,Atole mix,181867.67
2019,Jun,Mexico,Regular,Arroz,Centro,ABYT057271,Atole mix,0.00
2019,Aug,Mexico,Regular,Arroz,Centro,ABYT057271,Atole mix,128653.83
2019,Apr,Mexico,Regular,Arroz,Centro,ABYT057271,Atole mix,47.90
2019,Jun,Mexico,Regular,Arroz,Centro,ABYT057271,Atole mix,23.95
2019,Aug,Mexico,Regular,Arroz,Centro,ABYT057271,Atole mix,12275.12
2019,Nov,Mexico,Regular,Arroz,Centro,ABYT057271,Atole mix,0.00
2020,Jan,Mexico,Regular,Arroz,Centro,ABYT057271,Atole mix,0.00
2020,Feb,Mexico,Regular,Arroz,Centro,ABYT057271,Atole mix,0.00
2020,Mar,Mexico,Regular,Arroz,Centro,ABYT057271,Atole mix,45.09
2019,Feb,Mexico,Regular,Arroz,Centro,ABYT057271,Atole mix,7724.02
2019,Jul,Mexico,Regular,Arroz,Centro,ABYT057271,Atole mix,0.00
2019,Aug,Mexico,Regular,Arroz,Centro,ABYT057271,Atole mix,18206.94
2019,Sep,Mexico,Regular,Arroz,Centro,ABYT057271,Atole mix,0.00
2019,Dec,Mexico,Regular,Arroz,Centro,ABYT057271,Atole mix,0.00
2020,Jan,Mexico,Regular,Arroz,Centro,ABYT057271,Atole mix,0.00
2020,Feb,Mexico,Regular,Arroz,Centro,ABYT057271,Atole mix,0.00
2020,Jun,Mexico,Regular,Arroz,Centro,ABYT057271,Atole mix,0.00
2020,Aug,Mexico,Regular,Arroz,Centro,ABYT057271,Atole mix,6392.69
2020,Aug,Mexico,Regular,Arroz,Centro,ABYT057271,Atole mix,7246.00
2019,Mar,Mexico,Regular,Arroz,Centro,ABYT057271,Atole mix,442909.41
2019,Apr,Mexico,Regular,Arroz,Centro,ABYT057271,Atole mix,0.00
2019,Jun,Mexico,Regular,Arroz,Centro,ABYT057271,Atole mix,530844.61
2019,Jul,Mexico,Regular,Arroz,Centro,ABYT057271,Atole mix,19274.80
2019,Aug,Mexico,Regular,Arroz,Centro,ABYT057271,Atole mix,57524.12
2019,Aug,Mexico,Regular,Arroz,Centro,ABYT057271,Atole mix,7999.83
2020,Mar,Mexico,Regular,Arroz,Centro,ABYT057271,Atole mix,0.00
2020,Mar,Mexico,Regular,Arroz,Centro,ABYT057271,Atole mix,14456.60
2020,Apr,Mexico,Regular,Arroz,Centro,ABYT057271,Atole mix,534421.76
2020,Apr,Mexico,Regular,Arroz,Centro,ABYT057271,Atole mix,0.00
2020,May,Mexico,Regular,Arroz,Centro,ABYT057271,Atole mix,465144.72
2020,May,Mexico,Regular,Arroz,Centro,ABYT057271,Atole mix,213509.31
2020,Jun,Mexico,Regular,Arroz,Centro,ABYT057271,Atole mix,0.00
2020,Jul,Mexico,Regular,Arroz,Centro,ABYT057271,Atole mix,225840.06
2019,Jan,Mexico,Regular,Arroz,Centro,ABYT057271,Atole mix,4.23
2019,Jun,Mexico,Regular,Arroz,Centro,ABYT057271,Atole mix,0.00
2019,Jan,Mexico,Regular,Arroz,Centro,ABYT057271,Atole mix,173025.57
2019,Feb,Mexico,Regular,Arroz,Centro,ABYT057271,Atole mix,11026.77
2020,Mar,Mexico,Regular,Arroz,Centro,ABYT057271,Atole mix,0.00
2020,Jun,Mexico,Regular,Arroz,Centro,ABYT057271,Atole mix,255855.91
2019,Apr,Mexico,Regular,Arroz,Centro,ABYT057271,Atole mix,136277.87
2019,Jul,Mexico,Regular,Arroz,Centro,ABYT057271,Atole mix,127256.39
2019,Oct,Mexico,Regular,Arroz,Centro,ABYT057271,Atole mix,1930.61
2019,Jan,Mexico,Regular,Cajeta,Centro,ABYT055818,Atole mix,4835.08
2019,Jan,Mexico,Regular,Cajeta,Centro,ABYT055818,Atole mix,0.00
2019,Aug,Mexico,Regular,Cajeta,Centro,ABYT055818,Atole mix,5923.39
2019,Dec,Mexico,Regular,Cajeta,Centro,ABYT055818,Atole mix,0.00
2020,Jan,Mexico,Regular,Cajeta,Centro,ABYT055818,Atole mix,4818.60
2020,Mar,Mexico,Regular,Cajeta,Centro,ABYT055818,Atole mix,4207.62
2020,May,Mexico,Regular,Cajeta,Centro,ABYT055818,Atole mix,0.00
2020,Jul,Mexico,Regular,Cajeta,Centro,ABYT055818,Atole mix,1768.23
2020,May,Mexico,Regular,Arroz,Centro,ABYT057271,Atole mix,0.00
2020,Aug,Mexico,Regular,Arroz,Centro,ABYT057271,Atole mix,133.15
2019,Apr,Mexico,Regular,Arroz,Centro,ABYT057271,Atole mix,70254.31
2019,Nov,Mexico,Regular,Arroz,Centro,ABYT057271,Atole mix,192852.92
2019,Nov,Mexico,Regular,Arroz,Centro,ABYT057271,Atole mix,0.00
2020,Feb,Mexico,Regular,Arroz,Centro,ABYT057271,Atole mix,933165.92
2020,Jul,Mexico,Regular,Arroz,Centro,ABYT057271,Atole mix,0.00
2020,Jul,Mexico,Regular,Arroz,Centro,ABYT057271,Atole mix,395602.64
2019,Feb,Mexico,Regular,Arroz,Centro,ABYT057271,Atole mix,0.00
2019,Aug,Mexico,Regular,Arroz,Centro,ABYT057271,Atole mix,5799.41
2020,Jan,Mexico,Regular,Arroz,Centro,ABYT057271,Atole mix,4621.36
2020,Mar,Mexico,Regular,Arroz,Centro,ABYT057271,Atole mix,0.00
2020,Apr,Mexico,Regular,Arroz,Centro,ABYT057271,Atole mix,5405.44
2019,Jun,Mexico,Regular,Verde,Centro,206054370,Tamal mix,0.00
2020,May,Mexico,Regular,Verde,Centro,206054370,Tamal mix,3449.81
2019,Apr,Mexico,Regular,Arroz,Centro,ABYT057271,Atole mix,0.00
2019,Jul,Mexico,Regular,Arroz,Centro,ABYT057271,Atole mix,18892.62
2019,Jul,Mexico,Regular,Arroz,Centro,ABYT057271,Atole mix,0.00
2019,Sep,Mexico,Regular,Arroz,Centro,ABYT057271,Atole mix,293.06
2020,Feb,Mexico,Regular,Arroz,Centro,ABYT057271,Atole mix,0.00
2019,Apr,Mexico,Regular,Cajeta,Centro,ABYT055818,Atole mix,0.00
2020,Feb,Mexico,Regular,Cajeta,Centro,ABYT055818,Atole mix,0.00
2020,Aug,Mexico,Regular,Cajeta,Centro,ABYT055818,Atole mix,0.00
2019,Mar,Mexico,Regular,Arroz,Centro,ABYT057271,Atole mix,0.00
2019,Apr,Mexico,Regular,Arroz,Centro,ABYT057271,Atole mix,16153.65
2019,Oct,Mexico,Regular,Arroz,Centro,ABYT057271,Atole mix,18401.64
2019,Oct,Mexico,Regular,Arroz,Centro,ABYT057271,Atole mix,0.00
2020,Feb,Mexico,Regular,Arroz,Centro,ABYT057271,Atole mix,6759.60
2020,Apr,Mexico,Regular,Arroz,Centro,ABYT057271,Atole mix,16001.18
2019,Jan,Mexico,Regular,Arroz,Centro,ABYT057271,Atole mix,95.10
2019,Jul,Mexico,Regular,Arroz,Centro,ABYT057271,Atole mix,0.00
2020,Jun,Mexico,Regular,Arroz,Centro,ABYT057271,Atole mix,0.00
2020,Jul,Mexico,Regular,Arroz,Centro,ABYT057271,Atole mix,0.00
2019,Jun,Mexico,Regular,Arroz,Centro,ABYT057271,Atole mix,1052.48
2019,Oct,Mexico,Regular,Arroz,Centro,ABYT057271,Atole mix,36002.57
2020,Feb,Mexico,Regular,Arroz,Centro,ABYT057271,Atole mix,3.17
2020,Mar,Mexico,Regular,Arroz,Centro,ABYT057271,Atole mix,0.00
2020,Apr,Mexico,Regular,Arroz,Centro,ABYT057271,Atole mix,0.00
2019,Mar,Mexico,Regular,Arroz,Centro,ABYT057271,Atole mix,0.00
2019,Jun,Mexico,Regular,Arroz,Centro,ABYT057271,Atole mix,290.60
2019,Nov,Mexico,Regular,Arroz,Centro,ABYT057271,Atole mix,0.00
2019,Mar,Mexico,Regular,Arroz,Centro,ABYT057271,Atole mix,168805.87
2019,Mar,Mexico,Regular,Arroz,Centro,ABYT057271,Atole mix,1855.58
2019,Apr,Mexico,Regular,Arroz,Centro,ABYT057271,Atole mix,0.00
2019,May,Mexico,Regular,Arroz,Centro,ABYT057271,Atole mix,239.87
2019,Nov,Mexico,Regular,Arroz,Centro,ABYT057271,Atole mix,2448.75
2020,Aug,Mexico,Regular,Arroz,Centro,ABYT057271,Atole mix,33718.73
2019,Jan,Mexico,Regular,Arroz,Centro,ABYT057271,Atole mix,0.00
2019,Feb,Mexico,Regular,Arroz,Centro,ABYT057271,Atole mix,59566.74
2019,Apr,Mexico,Regular,Arroz,Centro,ABYT057271,Atole mix,347.13
2019,May,Mexico,Regular,Arroz,Centro,ABYT057271,Atole mix,72045.43
2019,Oct,Mexico,Regular,Arroz,Centro,ABYT057271,Atole mix,0.00
2019,Dec,Mexico,Regular,Arroz,Centro,ABYT057271,Atole mix,0.00
2019,Dec,Mexico,Regular,Arroz,Centro,ABYT057271,Atole mix,0.00
2020,Jan,Mexico,Regular,Arroz,Centro,ABYT057271,Atole mix,248350.10
2020,Apr,Mexico,Regular,Arroz,Centro,ABYT057271,Atole mix,11363.34
2020,Jun,Mexico,Regular,Arroz,Centro,ABYT057271,Atole mix,467051.03
2019,Jan,Mexico,Regular,Arroz,Centro,ABYT057271,Atole mix,0.56
2019,Feb,Mexico,Regular,Arroz,Centro,ABYT057271,Atole mix,608.67
2019,Jun,Mexico,Regular,Arroz,Centro,ABYT057271,Atole mix,0.00
2019,Nov,Mexico,Regular,Arroz,Centro,ABYT057271,Atole mix,10501.83
2020,May,Mexico,Regular,Arroz,Centro,ABYT057271,Atole mix,0.00
2020,Aug,Mexico,Regular,Arroz,Centro,ABYT057271,Atole mix,328.64
2019,Jun,Mexico,Regular,Verde,Centro,206054370,Tamal mix,8505.47
2020,Jul,Mexico,Regular,Verde,Centro,206054370,Tamal mix,0.00
2019,Mar,Mexico,Regular,Arroz,Centro,ABYT057271,Atole mix,0.00
2019,Apr,Mexico,Regular,Arroz,Centro,ABYT057271,Atole mix,14988.84
2019,May,Mexico,Regular,Arroz,Centro,ABYT057271,Atole mix,23601.92
2019,May,Mexico,Regular,Arroz,Centro,ABYT057271,Atole mix,0.00
2019,Dec,Mexico,Regular,Arroz,Centro,ABYT057271,Atole mix,708.07
2020,Mar,Mexico,Regular,Arroz,Centro,ABYT057271,Atole mix,0.00
2020,May,Mexico,Regular,Arroz,Centro,ABYT057271,Atole mix,12651.99
2020,Jun,Mexico,Regular,Arroz,Centro,ABYT057271,Atole mix,0.00
2020,Jun,Mexico,Regular,Arroz,Centro,ABYT057271,Atole mix,0.00
2020,Jun,Mexico,Regular,Cajeta,Centro,ABYT055818,Atole mix,2863.00
2020,Jan,Mexico,Regular,Arroz,Centro,ABYT057271,Atole mix,105.67
2020,Jun,Mexico,Regular,Arroz,Centro,ABYT057271,Atole mix,241.99
2019,Feb,Mexico,Regular,Arroz,Centro,ABYT057271,Atole mix,0.00
2019,Jul,Mexico,Regular,Arroz,Centro,ABYT057271,Atole mix,1094198.06
2019,Jul,Mexico,Regular,Arroz,Centro,ABYT057271,Atole mix,0.00
2019,Aug,Mexico,Regular,Arroz,Centro,ABYT057271,Atole mix,919375.32
2019,Aug,Mexico,Regular,Arroz,Centro,ABYT057271,Atole mix,0.00
2019,Oct,Mexico,Regular,Arroz,Centro,ABYT057271,Atole mix,159163.77
2019,Dec,Mexico,Regular,Arroz,Centro,ABYT057271,Atole mix,27214.12
2020,Jan,Mexico,Regular,Arroz,Centro,ABYT057271,Atole mix,0.00
2020,Jul,Mexico,Regular,Arroz,Centro,ABYT057271,Atole mix,9248.07
2019,Feb,Mexico,Regular,Arroz,Centro,ABYT057271,Atole mix,7826.21
2019,Apr,Mexico,Regular,Arroz,Centro,ABYT057271,Atole mix,4771.12
2019,Dec,Mexico,Regular,Arroz,Centro,ABYT057271,Atole mix,0.00
2020,Aug,Mexico,Regular,Arroz,Centro,ABYT057271,Atole mix,878.41
2019,Feb,Mexico,Regular,Verde,Centro,206054370,Tamal mix,0.00
2019,Jul,Mexico,Regular,Verde,Centro,206054370,Tamal mix,0.00
2019,Jan,Mexico,Regular,Arroz,Centro,ABYT057271,Atole mix,7381.82
2019,Feb,Mexico,Regular,Arroz,Centro,ABYT057271,Atole mix,0.00
2019,Feb,Mexico,Regular,Arroz,Centro,ABYT057271,Atole mix,14460.88
2019,May,Mexico,Regular,Arroz,Centro,ABYT057271,Atole mix,17368.25
2019,Jul,Mexico,Regular,Arroz,Centro,ABYT057271,Atole mix,8316.31
2019,Aug,Mexico,Regular,Arroz,Centro,ABYT057271,Atole mix,0.00
2020,Apr,Mexico,Regular,Arroz,Centro,ABYT057271,Atole mix,0.00
2020,Apr,Mexico,Regular,Arroz,Centro,ABYT057271,Atole mix,17786.74
2020,Jun,Mexico,Regular,Arroz,Centro,ABYT057271,Atole mix,10253.26
2020,Jul,Mexico,Regular,Arroz,Centro,ABYT057271,Atole mix,0.00
2020,Aug,Mexico,Regular,Arroz,Centro,ABYT057271,Atole mix,11886.94
2019,Jan,Mexico,Regular,Arroz,Centro,ABYT057271,Atole mix,0.00
2019,Mar,Mexico,Regular,Arroz,Centro,ABYT057271,Atole mix,0.00
2019,Apr,Mexico,Regular,Arroz,Centro,ABYT057271,Atole mix,405.78
2019,Jun,Mexico,Regular,Arroz,Centro,ABYT057271,Atole mix,57934.13
2019,Nov,Mexico,Regular,Arroz,Centro,ABYT057271,Atole mix,0.00
2019,Dec,Mexico,Regular,Arroz,Centro,ABYT057271,Atole mix,0.00
2020,Mar,Mexico,Regular,Arroz,Centro,ABYT057271,Atole mix,631698.00
2020,Aug,Mexico,Regular,Arroz,Centro,ABYT057271,Atole mix,3074.24
2019,Mar,Mexico,Regular,Arroz,Centro,ABYT057271,Atole mix,43699.00
2019,Mar,Mexico,Regular,Arroz,Centro,ABYT057271,Atole mix,76.08
2019,Jun,Mexico,Regular,Arroz,Centro,ABYT057271,Atole mix,45050.04
2019,Nov,Mexico,Regular,Arroz,Centro,ABYT057271,Atole mix,33974.61
2019,Dec,Mexico,Regular,Arroz,Centro,ABYT057271,Atole mix,0.00
2020,Jun,Mexico,Regular,Arroz,Centro,ABYT057271,Atole mix,0.00
2020,Jul,Mexico,Regular,Arroz,Centro,ABYT057271,Atole mix,32613.75
2020,Aug,Mexico,Regular,Arroz,Centro,ABYT057271,Atole mix,112.52
2019,Mar,Mexico,Regular,Arroz,Centro,ABYT057271,Atole mix,661.85
2019,Oct,Mexico,Regular,Arroz,Centro,ABYT057271,Atole mix,3405.78
2019,Dec,Mexico,Regular,Arroz,Centro,ABYT057271,Atole mix,0.00
2020,Feb,Mexico,Regular,Arroz,Centro,ABYT057271,Atole mix,0.00
2019,Jul,Mexico,Regular,Arroz,Centro,ABYT057271,Atole mix,0.00
2019,Apr,Mexico,Regular,Arroz,Centro,ABYT057271,Atole mix,21293.16
2019,Apr,Mexico,Regular,Arroz,Centro,ABYT057271,Atole mix,0.00
2019,Jul,Mexico,Regular,Arroz,Centro,ABYT057271,Atole mix,0.00
2019,Sep,Mexico,Regular,Arroz,Centro,ABYT057271,Atole mix,29908.50
2019,Dec,Mexico,Regular,Arroz,Centro,ABYT057271,Atole mix,12473.82
2020,Jul,Mexico,Regular,Arroz,Centro,ABYT057271,Atole mix,0.00
2019,Dec,Mexico,Regular,Arroz,Centro,ABYT057271,Atole mix,10513.21
2020,Feb,Mexico,Regular,Arroz,Centro,ABYT057271,Atole mix,1640.01
2019,Mar,Mexico,Regular,Arroz,Centro,ABYT057271,Atole mix,40352.58
2019,Apr,Mexico,Regular,Arroz,Centro,ABYT057271,Atole mix,934226.24
2019,Jun,Mexico,Regular,Arroz,Centro,ABYT057271,Atole mix,68.16
2019,Jul,Mexico,Regular,Arroz,Centro,ABYT057271,Atole mix,132495.58
2019,Nov,Mexico,Regular,Arroz,Centro,ABYT057271,Atole mix,0.00
2020,Mar,Mexico,Regular,Arroz,Centro,ABYT057271,Atole mix,1587341.22
2019,May,Mexico,Regular,Arroz,Centro,ABYT057271,Atole mix,6461.90
2019,Aug,Mexico,Regular,Arroz,Centro,ABYT057271,Atole mix,0.00
2020,May,Mexico,Regular,Arroz,Centro,ABYT057271,Atole mix,327.58
2019,Nov,Mexico,Regular,Cajeta,Centro,ABYT055818,Atole mix,0.00
2020,Jan,Mexico,Regular,Cajeta,Centro,ABYT055818,Atole mix,3550.63
2020,Jul,Mexico,Regular,Cajeta,Centro,ABYT055818,Atole mix,0.00
2019,Jan,Mexico,Regular,Arroz,Centro,ABYT057271,Atole mix,0.00
2019,Mar,Mexico,Regular,Arroz,Centro,ABYT057271,Atole mix,9666.43
2019,Mar,Mexico,Regular,Arroz,Centro,ABYT057271,Atole mix,0.00
2019,Apr,Mexico,Regular,Arroz,Centro,ABYT057271,Atole mix,15720.20
2019,May,Mexico,Regular,Arroz,Centro,ABYT057271,Atole mix,0.00
2020,Apr,Mexico,Regular,Arroz,Centro,ABYT057271,Atole mix,5816.13
2020,Apr,Mexico,Regular,Arroz,Centro,ABYT057271,Atole mix,0.00
2020,Jul,Mexico,Regular,Arroz,Centro,ABYT057271,Atole mix,5909.12
2019,Mar,Mexico,Regular,Arroz,Centro,ABYT057271,Atole mix,431.14
2019,May,Mexico,Regular,Arroz,Centro,ABYT057271,Atole mix,42673.12
2019,Jul,Mexico,Regular,Arroz,Centro,ABYT057271,Atole mix,69401.54
2019,Oct,Mexico,Regular,Arroz,Centro,ABYT057271,Atole mix,0.00
2020,Feb,Mexico,Regular,Arroz,Centro,ABYT057271,Atole mix,0.00
2020,May,Mexico,Regular,Arroz,Centro,ABYT057271,Atole mix,0.00
2019,Feb,Mexico,Regular,Arroz,Centro,ABYT057271,Atole mix,34461.95
2019,May,Mexico,Regular,Arroz,Centro,ABYT057271,Atole mix,0.00
2019,Jun,Mexico,Regular,Arroz,Centro,ABYT057271,Atole mix,0.00
2019,Jul,Mexico,Regular,Arroz,Centro,ABYT057271,Atole mix,0.00
2019,Dec,Mexico,Regular,Arroz,Centro,ABYT057271,Atole mix,41796.62
2019,Dec,Mexico,Regular,Arroz,Centro,ABYT057271,Atole mix,2761.18
2019,Mar,Mexico,Regular,Arroz,Centro,ABYT057271,Atole mix,194253.82
2019,Jan,Mexico,Regular,Arroz,Centro,ABYT057271,Atole mix,0.00
2019,May,Mexico,Regular,Arroz,Centro,ABYT057271,Atole mix,0.00
2019,Jun,Mexico,Regular,Arroz,Centro,ABYT057271,Atole mix,87.71
2019,Aug,Mexico,Regular,Arroz,Centro,ABYT057271,Atole mix,520.96
2019,Aug,Mexico,Regular,Arroz,Centro,ABYT057271,Atole mix,0.00
2019,Nov,Mexico,Regular,Arroz,Centro,ABYT057271,Atole mix,125378.23
2019,Jan,Mexico,Regular,Arroz,Centro,ABYT057271,Atole mix,0.00
2019,Mar,Mexico,Regular,Arroz,Centro,ABYT057271,Atole mix,24173.24
2019,Oct,Mexico,Regular,Arroz,Centro,ABYT057271,Atole mix,0.00
2020,May,Mexico,Regular,Arroz,Centro,ABYT057271,Atole mix,1821.21
2020,Jun,Mexico,Regular,Arroz,Centro,ABYT057271,Atole mix,11666.77
2020,Aug,Mexico,Regular,Arroz,Centro,ABYT057271,Atole mix,2758.96
2020,Jan,Mexico,Regular,Arroz,Centro,ABYT057271,Atole mix,0.00
2020,Jun,Mexico,Regular,Arroz,Centro,ABYT057271,Atole mix,150549.33
2020,Jul,Mexico,Regular,Arroz,Centro,ABYT057271,Atole mix,593.87
2019,May,Mexico,Regular,Arroz,Centro,ABYT057271,Atole mix,1024611.40
2019,Jul,Mexico,Regular,Arroz,Centro,ABYT057271,Atole mix,0.00
2019,Aug,Mexico,Regular,Arroz,Centro,ABYT057271,Atole mix,0.00
2019,Oct,Mexico,Regular,Arroz,Centro,ABYT057271,Atole mix,16452.19
2019,Oct,Mexico,Regular,Arroz,Centro,ABYT057271,Atole mix,0.00
2020,Feb,Mexico,Regular,Arroz,Centro,ABYT057271,Atole mix,0.00
2020,Aug,Mexico,Regular,Arroz,Centro,ABYT057271,Atole mix,228059.87
2019,Jul,Mexico,Regular,Arroz,Centro,ABYT057271,Atole mix,4898.46
2020,Jul,Mexico,Regular,Arroz,Centro,ABYT057271,Atole mix,0.00
2019,Aug,Mexico,Regular,Verde,Centro,206054370,Tamal mix,6480.71
2019,Oct,Mexico,Regular,Verde,Centro,206054370,Tamal mix,6169.57
2019,Oct,Mexico,Regular,Verde,Centro,206054370,Tamal mix,0.00
2019,Dec,Mexico,Regular,Verde,Centro,206054370,Tamal mix,6571.76
2020,May,Mexico,Regular,Verde,Centro,206054370,Tamal mix,0.00
2020,Jun,Mexico,Regular,Verde,Centro,206054370,Tamal mix,0.00
2020,Aug,Mexico,Regular,Verde,Centro,206054370,Tamal mix,3243.09
2019,Jun,Mexico,Regular,Cajeta,Centro,ABYT055818,Atole mix,8487.08
2019,Feb,Mexico,Regular,Arroz,Centro,ABYT057271,Atole mix,0.00
2019,Jul,Mexico,Regular,Arroz,Centro,ABYT057271,Atole mix,0.00
2019,Aug,Mexico,Regular,Arroz,Centro,ABYT057271,Atole mix,18779.06
2019,Nov,Mexico,Regular,Arroz,Centro,ABYT057271,Atole mix,0.00
2020,May,Mexico,Regular,Arroz,Centro,ABYT057271,Atole mix,4617.12
2020,May,Mexico,Regular,Arroz,Centro,ABYT057271,Atole mix,23361.44
2019,Apr,Mexico,Regular,Arroz,Centro,ABYT057271,Atole mix,0.00
2019,Sep,Mexico,Regular,Arroz,Centro,ABYT057271,Atole mix,0.00
2019,Dec,Mexico,Regular,Arroz,Centro,ABYT057271,Atole mix,0.00
2020,Jan,Mexico,Regular,Arroz,Centro,ABYT057271,Atole mix,5444.70
2020,May,Mexico,Regular,Arroz,Centro,ABYT057271,Atole mix,12464.17
2020,Aug,Mexico,Regular,Arroz,Centro,ABYT057271,Atole mix,59764.35
2019,Nov,Mexico,Regular,Arroz,Centro,ABYT057271,Atole mix,0.00
2019,Dec,Mexico,Regular,Arroz,Centro,ABYT057271,Atole mix,0.00
2019,Jan,Mexico,Regular,Arroz,Centro,ABYT057271,Atole mix,0.00
2019,May,Mexico,Regular,Arroz,Centro,ABYT057271,Atole mix,164768.84
2019,May,Mexico,Regular,Arroz,Centro,ABYT057271,Atole mix,0.00
2019,Jul,Mexico,Regular,Arroz,Centro,ABYT057271,Atole mix,0.00
2019,Sep,Mexico,Regular,Arroz,Centro,ABYT057271,Atole mix,432.19
2019,Sep,Mexico,Regular,Arroz,Centro,ABYT057271,Atole mix,0.00
2019,Jan,Mexico,Regular,Arroz,Centro,ABYT057271,Atole mix,36.98
2019,Jul,Mexico,Regular,Arroz,Centro,ABYT057271,Atole mix,0.00
2019,Dec,Mexico,Regular,Arroz,Centro,ABYT057271,Atole mix,148767.17
2019,Jun,Mexico,Regular,Arroz,Centro,ABYT057271,Atole mix,0.00
2019,Sep,Mexico,Regular,Arroz,Centro,ABYT057271,Atole mix,0.00
2019,Nov,Mexico,Regular,Arroz,Centro,ABYT057271,Atole mix,0.00
2019,Dec,Mexico,Regular,Arroz,Centro,ABYT057271,Atole mix,305.74
2020,Feb,Mexico,Regular,Arroz,Centro,ABYT057271,Atole mix,0.00
2020,Apr,Mexico,Regular,Arroz,Centro,ABYT057271,Atole mix,204.79
2020,Jun,Mexico,Regular,Arroz,Centro,ABYT057271,Atole mix,0.00
2020,Feb,Mexico,Regular,Arroz,Centro,ABYT057271,Atole mix,0.00
2019,Jan,Mexico,Regular,Arroz,Centro,ABYT057271,Atole mix,63309.61
2019,Mar,Mexico,Regular,Arroz,Centro,ABYT057271,Atole mix,324.94
2019,May,Mexico,Regular,Arroz,Centro,ABYT057271,Atole mix,0.00
2020,Mar,Mexico,Regular,Arroz,Centro,ABYT057271,Atole mix,0.00
2020,May,Mexico,Regular,Arroz,Centro,ABYT057271,Atole mix,969.19
2020,Jun,Mexico,Regular,Arroz,Centro,ABYT057271,Atole mix,622.05
2020,Jul,Mexico,Regular,Arroz,Centro,ABYT057271,Atole mix,2840.83
2019,May,Mexico,Regular,Verde,Centro,206054370,Tamal mix,0.00
2019,Sep,Mexico,Regular,Verde,Centro,206054370,Tamal mix,8090.03
2019,Nov,Mexico,Regular,Verde,Centro,206054370,Tamal mix,5137.80
2020,Mar,Mexico,Regular,Verde,Centro,206054370,Tamal mix,6793.71
2020,Apr,Mexico,Regular,Verde,Centro,206054370,Tamal mix,4525.77
2019,Apr,Mexico,Regular,Arroz,Centro,ABYT057271,Atole mix,0.00
2019,Jul,Mexico,Regular,Arroz,Centro,ABYT057271,Atole mix,16709.50
2019,Oct,Mexico,Regular,Arroz,Centro,ABYT057271,Atole mix,16913.54
2019,Nov,Mexico,Regular,Arroz,Centro,ABYT057271,Atole mix,7269.99
2019,Dec,Mexico,Regular,Arroz,Centro,ABYT057271,Atole mix,24431.07
2020,Jun,Mexico,Regular,Arroz,Centro,ABYT057271,Atole mix,0.00
2019,Feb,Mexico,Regular,Arroz,Centro,ABYT057271,Atole mix,50.72
2019,Jun,Mexico,Regular,Arroz,Centro,ABYT057271,Atole mix,0.00
2019,Aug,Mexico,Regular,Arroz,Centro,ABYT057271,Atole mix,0.00
2019,Oct,Mexico,Regular,Arroz,Centro,ABYT057271,Atole mix,90505.10
2019,Dec,Mexico,Regular,Arroz,Centro,ABYT057271,Atole mix,574900.86
2019,Dec,Mexico,Regular,Arroz,Centro,ABYT057271,Atole mix,23939.12
2020,May,Mexico,Regular,Arroz,Centro,ABYT057271,Atole mix,0.00
2020,Aug,Mexico,Regular,Arroz,Centro,ABYT057271,Atole mix,143753.29
2020,Aug,Mexico,Regular,Arroz,Centro,ABYT057271,Atole mix,4032.42
2019,Mar,Mexico,Regular,Arroz,Centro,ABYT057271,Atole mix,0.00
2020,Jan,Mexico,Regular,Arroz,Centro,ABYT057271,Atole mix,0.00
2020,Jun,Mexico,Regular,Arroz,Centro,ABYT057271,Atole mix,1724.55
2019,Nov,Mexico,Regular,Arroz,Centro,ABYT057271,Atole mix,1064.11
2020,Jun,Mexico,Regular,Arroz,Centro,ABYT057271,Atole mix,0.00
2020,Jul,Mexico,Regular,Arroz,Centro,ABYT057271,Atole mix,0.00
2019,Jan,Mexico,Regular,Arroz,Centro,ABYT057271,Atole mix,151857.11
2019,Feb,Mexico,Regular,Arroz,Centro,ABYT057271,Atole mix,0.00
2019,Apr,Mexico,Regular,Arroz,Centro,ABYT057271,Atole mix,0.00
2019,Sep,Mexico,Regular,Arroz,Centro,ABYT057271,Atole mix,146383.06
2019,Sep,Mexico,Regular,Arroz,Centro,ABYT057271,Atole mix,862.28
2019,Dec,Mexico,Regular,Arroz,Centro,ABYT057271,Atole mix,0.00
2019,Oct,Mexico,Regular,Cajeta,Centro,ABYT055818,Atole mix,5393.39
2019,Dec,Mexico,Regular,Cajeta,Centro,ABYT055818,Atole mix,8405.10
