2019,Aug,Mexico,Regular,Cajeta,Sur,ABYT055818,Atole mix,2507.889314
2019,Sep,Mexico,Regular,Cajeta,Sur,ABYT055818,Atole mix,2823.070929
2019,Nov,Mexico,Regular,Cajeta,Sur,ABYT055818,Atole mix,512.716905
2020,May,Mexico,Regular,Cajeta,Sur,ABYT055818,Atole mix,-5.86E-14
2019,Feb,Mexico,Regular,Dulce,Sur,206050084,Tamal mix,405756.4459
2019,Mar,Mexico,Regular,Dulce,Sur,206050084,Tamal mix,1.59E-12
2019,Apr,Mexico,Regular,Dulce,Sur,206050084,Tamal mix,-1.20E-12
2019,Apr,Mexico,Regular,Dulce,Sur,206050084,Tamal mix,-1.83E-12
2019,May,Mexico,Regular,Dulce,Sur,206050084,Tamal mix,40429.95349
2019,May,Mexico,Regular,Dulce,Sur,206050084,Tamal mix,361962.0075
2019,Jun,Mexico,Regular,Dulce,Sur,206050084,Tamal mix,-6.44E-13
2019,Jun,Mexico,Regular,Dulce,Sur,206050084,Tamal mix,55954.92254
2019,Aug,Mexico,Regular,Dulce,Sur,206050084,Tamal mix,92029.29482
2019,Aug,Mexico,Regular,Dulce,Sur,206050084,Tamal mix,2.56E-12
2019,Aug,Mexico,Regular,Dulce,Sur,206050084,Tamal mix,1197569.971
2019,Sep,Mexico,Regular,Dulce,Sur,206050084,Tamal mix,3.63E-14
2019,Nov,Mexico,Regular,Dulce,Sur,206050084,Tamal mix,-8.73E-13
2019,Nov,Mexico,Regular,Dulce,Sur,206050084,Tamal mix,1.28E-12
2019,Nov,Mexico,Regular,Dulce,Sur,206050084,Tamal mix,-6.27E-14
2019,Nov,Mexico,Regular,Dulce,Sur,206050084,Tamal mix,8.66E-12
2019,Nov,Mexico,Regular,Dulce,Sur,206050084,Tamal mix,2.51E-10
2019,Nov,Mexico,Regular,Dulce,Sur,206050084,Tamal mix,-2.63E-12
2019,Dec,Mexico,Regular,Dulce,Sur,206050084,Tamal mix,95636.74655
2019,Dec,Mexico,Regular,Dulce,Sur,206050084,Tamal mix,6.79E-11
2019,Feb,Mexico,Regular,Arroz,Sur,ABYT057271,Atole mix,-4.97E-14
2019,Oct,Mexico,Regular,Arroz,Sur,ABYT057271,Atole mix,-3.06E-10
2020,Jun,Mexico,Regular,Arroz,Sur,ABYT057271,Atole mix,666849.6856
2019,Jan,Mexico,Regular,Verde,Sur,206054370,Tamal mix,-8.33E-16
2019,Apr,Mexico,Regular,Verde,Sur,206054370,Tamal mix,102.890568
2020,Apr,Mexico,Regular,Verde,Sur,206054370,Tamal mix,1.78E-15
2019,Jan,Mexico,Regular,Arroz,Sur,ABYT057271,Atole mix,2.22E-16
2019,Feb,Mexico,Regular,Arroz,Sur,ABYT057271,Atole mix,-1.73E-17
2019,Apr,Mexico,Regular,Arroz,Sur,ABYT057271,Atole mix,13659.20667
2019,May,Mexico,Regular,Arroz,Sur,ABYT057271,Atole mix,77.984829
2019,May,Mexico,Regular,Arroz,Sur,ABYT057271,Atole mix,0
2019,Sep,Mexico,Regular,Arroz,Sur,ABYT057271,Atole mix,-1.67E-16
2020,Jul,Mexico,Regular,Arroz,Sur,ABYT057271,Atole mix,10711.75372
2020,Jan,Mexico,Regular,Dulce,Sur,206050084,Tamal mix,29347.79549
2020,Jan,Mexico,Regular,Dulce,Sur,206050084,Tamal mix,-5.28E-12
2020,Jan,Mexico,Regular,Dulce,Sur,206050084,Tamal mix,2.33E-15
2020,Jan,Mexico,Regular,Dulce,Sur,206050084,Tamal mix,-4.06E-11
2020,Feb,Mexico,Regular,Dulce,Sur,206050084,Tamal mix,-1.21E-10
2020,Feb,Mexico,Regular,Dulce,Sur,206050084,Tamal mix,63053.8857
2020,Feb,Mexico,Regular,Dulce,Sur,206050084,Tamal mix,36954.56733
2020,Mar,Mexico,Regular,Dulce,Sur,206050084,Tamal mix,-5.55E-09
2020,Apr,Mexico,Regular,Dulce,Sur,206050084,Tamal mix,79516.87533
2020,Jul,Mexico,Regular,Dulce,Sur,206050084,Tamal mix,-1.36E-12
2020,Jul,Mexico,Regular,Dulce,Sur,206050084,Tamal mix,38578.72974
2020,Jul,Mexico,Regular,Dulce,Sur,206050084,Tamal mix,4.64E-10
2020,Aug,Mexico,Regular,Dulce,Sur,206050084,Tamal mix,184308.5285
2019,Jan,Mexico,Regular,Mole,Sur,206051447,Tamal mix,3.75E-12
2019,Feb,Mexico,Regular,Mole,Sur,206051447,Tamal mix,33676.65189
2019,Mar,Mexico,Regular,Mole,Sur,206051447,Tamal mix,11594.54114
2019,Apr,Mexico,Regular,Mole,Sur,206051447,Tamal mix,127380.5786
2019,Jul,Mexico,Regular,Mole,Sur,206051447,Tamal mix,17005.28582
2019,Jul,Mexico,Regular,Mole,Sur,206051447,Tamal mix,-3.85E-11
2019,Aug,Mexico,Regular,Mole,Sur,206051447,Tamal mix,5.35E-12
2019,Aug,Mexico,Regular,Mole,Sur,206051447,Tamal mix,36681.23134
2019,Aug,Mexico,Regular,Mole,Sur,206051447,Tamal mix,-4.38E-12
2019,Nov,Mexico,Regular,Mole,Sur,206051447,Tamal mix,1.23E-11
2019,Nov,Mexico,Regular,Mole,Sur,206051447,Tamal mix,5.47E-12
2019,Feb,Mexico,Regular,Dulce,Sur,206050084,Tamal mix,82931.54215
2019,Feb,Mexico,Regular,Dulce,Sur,206050084,Tamal mix,2.30E-12
2019,Mar,Mexico,Regular,Dulce,Sur,206050084,Tamal mix,101753.5528
2019,Jul,Mexico,Regular,Dulce,Sur,206050084,Tamal mix,144635.8963
2019,Nov,Mexico,Regular,Dulce,Sur,206050084,Tamal mix,-5.26E-12
2019,Mar,Mexico,Regular,Arroz,Sur,ABYT057271,Atole mix,-2.28E-11
2019,Jun,Mexico,Regular,Arroz,Sur,ABYT057271,Atole mix,399.964458
2019,Jun,Mexico,Regular,Arroz,Sur,ABYT057271,Atole mix,9.05E-15
2019,Jul,Mexico,Regular,Arroz,Sur,ABYT057271,Atole mix,-1.49E-11
2019,Apr,Mexico,Regular,Arroz,Sur,ABYT057271,Atole mix,-4.81E-14
2019,Jan,Mexico,Regular,Arroz,Sur,ABYT057271,Atole mix,-1.74E-13
2019,Feb,Mexico,Regular,Arroz,Sur,ABYT057271,Atole mix,2872.13778
2019,Mar,Mexico,Regular,Arroz,Sur,ABYT057271,Atole mix,0
2019,May,Mexico,Regular,Arroz,Sur,ABYT057271,Atole mix,0
2019,Jan,Mexico,Regular,Arroz,Sur,ABYT057271,Atole mix,0
2019,Feb,Mexico,Regular,Arroz,Sur,ABYT057271,Atole mix,1.197599
2019,Apr,Mexico,Regular,Arroz,Sur,ABYT057271,Atole mix,120.534817
2019,Jun,Mexico,Regular,Arroz,Sur,ABYT057271,Atole mix,0
2019,Aug,Mexico,Regular,Arroz,Sur,ABYT057271,Atole mix,14.159914
2019,Oct,Mexico,Regular,Arroz,Sur,ABYT057271,Atole mix,1.11E-16
2020,May,Mexico,Regular,Arroz,Sur,ABYT057271,Atole mix,9510.271605
2020,Jun,Mexico,Regular,Arroz,Sur,ABYT057271,Atole mix,12172.87009
2020,Aug,Mexico,Regular,Arroz,Sur,ABYT057271,Atole mix,3476.654572
2019,Dec,Mexico,Regular,Dulce,Sur,206050084,Tamal mix,3.90E-09
2020,Jan,Mexico,Regular,Dulce,Sur,206050084,Tamal mix,-1.50E-10
2020,Jan,Mexico,Regular,Dulce,Sur,206050084,Tamal mix,757395.3074
2020,Feb,Mexico,Regular,Dulce,Sur,206050084,Tamal mix,3.66E-11
2020,Feb,Mexico,Regular,Dulce,Sur,206050084,Tamal mix,-1.17E-10
2020,Mar,Mexico,Regular,Dulce,Sur,206050084,Tamal mix,-9.56E-12
2020,Apr,Mexico,Regular,Dulce,Sur,206050084,Tamal mix,27728.98593
2020,Apr,Mexico,Regular,Dulce,Sur,206050084,Tamal mix,-5.71E-11
2020,Apr,Mexico,Regular,Dulce,Sur,206050084,Tamal mix,-5.00E-09
2020,Apr,Mexico,Regular,Dulce,Sur,206050084,Tamal mix,35831.63648
2020,Apr,Mexico,Regular,Dulce,Sur,206050084,Tamal mix,-1.66E-08
2020,Apr,Mexico,Regular,Dulce,Sur,206050084,Tamal mix,67495.01171
2020,May,Mexico,Regular,Dulce,Sur,206050084,Tamal mix,-4.31E-11
2020,May,Mexico,Regular,Dulce,Sur,206050084,Tamal mix,84316.87483
2020,Jun,Mexico,Regular,Dulce,Sur,206050084,Tamal mix,33566.18181
2020,Jun,Mexico,Regular,Dulce,Sur,206050084,Tamal mix,-3.35E-11
2020,Jun,Mexico,Regular,Dulce,Sur,206050084,Tamal mix,0
2020,Jun,Mexico,Regular,Dulce,Sur,206050084,Tamal mix,68941.37929
2020,Jul,Mexico,Regular,Dulce,Sur,206050084,Tamal mix,40196.72845
2020,Jul,Mexico,Regular,Dulce,Sur,206050084,Tamal mix,1.36E-11
2020,Jan,Mexico,Regular,Arroz,Sur,ABYT057271,Atole mix,19266.99661
2020,Apr,Mexico,Regular,Arroz,Sur,ABYT057271,Atole mix,8.64E-12
2019,Mar,Mexico,Regular,Arroz,Sur,ABYT057271,Atole mix,508784.0376
2019,Dec,Mexico,Regular,Arroz,Sur,ABYT057271,Atole mix,604537.2394
2019,Dec,Mexico,Regular,Arroz,Sur,ABYT057271,Atole mix,-2.15E-10
2020,Jan,Mexico,Regular,Arroz,Sur,ABYT057271,Atole mix,8.76E-10
2019,Aug,Mexico,Regular,Verde,Sur,206054370,Tamal mix,144.113016
2020,Jan,Mexico,Regular,Cajeta,Sur,ABYT055818,Atole mix,-5.99E-13
2019,Mar,Mexico,Regular,Arroz,Sur,ABYT057271,Atole mix,233237.418
2019,Jul,Mexico,Regular,Arroz,Sur,ABYT057271,Atole mix,206544.3675
2019,Jul,Mexico,Regular,Arroz,Sur,ABYT057271,Atole mix,111.747153
2019,Sep,Mexico,Regular,Arroz,Sur,ABYT057271,Atole mix,0.792533
2019,Mar,Mexico,Regular,Arroz,Sur,ABYT057271,Atole mix,6.98E-14
2019,May,Mexico,Regular,Arroz,Sur,ABYT057271,Atole mix,5490.657763
2019,Jun,Mexico,Regular,Arroz,Sur,ABYT057271,Atole mix,-2.38E-14
2019,Jul,Mexico,Regular,Arroz,Sur,ABYT057271,Atole mix,5055.472884
2019,Oct,Mexico,Regular,Arroz,Sur,ABYT057271,Atole mix,5392.739845
2019,Oct,Mexico,Regular,Arroz,Sur,ABYT057271,Atole mix,2.05E-12
2020,Feb,Mexico,Regular,Arroz,Sur,ABYT057271,Atole mix,3.33E-12
2019,Mar,Mexico,Regular,Arroz,Sur,ABYT057271,Atole mix,2028.8832
2019,Aug,Mexico,Regular,Arroz,Sur,ABYT057271,Atole mix,2.84E-12
2020,Apr,Mexico,Regular,Arroz,Sur,ABYT057271,Atole mix,-4.55E-13
2019,Feb,Mexico,Regular,Arroz,Sur,ABYT057271,Atole mix,1.16E-12
2019,Aug,Mexico,Regular,Arroz,Sur,ABYT057271,Atole mix,28598.65467
2019,Jan,Mexico,Regular,Mole,Sur,206051447,Tamal mix,27238.46846
2019,May,Mexico,Regular,Mole,Sur,206051447,Tamal mix,-7.03E-13
2019,May,Mexico,Regular,Mole,Sur,206051447,Tamal mix,12537.93698
2019,May,Mexico,Regular,Mole,Sur,206051447,Tamal mix,134252.3637
2019,May,Mexico,Regular,Mole,Sur,206051447,Tamal mix,20522.47121
2019,Jun,Mexico,Regular,Mole,Sur,206051447,Tamal mix,-2.96E-12
2019,Jun,Mexico,Regular,Mole,Sur,206051447,Tamal mix,14926.59503
2019,Sep,Mexico,Regular,Mole,Sur,206051447,Tamal mix,129.623124
2019,Sep,Mexico,Regular,Mole,Sur,206051447,Tamal mix,124877.2326
2020,Apr,Mexico,Regular,Mole,Sur,206051447,Tamal mix,-2.77E-11
2020,Apr,Mexico,Regular,Mole,Sur,206051447,Tamal mix,97454.02304
2020,Jun,Mexico,Regular,Mole,Sur,206051447,Tamal mix,8.46E-12
2020,Jun,Mexico,Regular,Mole,Sur,206051447,Tamal mix,113579.4176
2020,Jul,Mexico,Regular,Mole,Sur,206051447,Tamal mix,7695.49371
2019,Jan,Mexico,Regular,Dulce,Sur,206050084,Tamal mix,7.60E-13
2019,Jan,Mexico,Regular,Dulce,Sur,206050084,Tamal mix,244585.4506
2019,Mar,Mexico,Regular,Dulce,Sur,206050084,Tamal mix,7.70E-12
2019,Mar,Mexico,Regular,Dulce,Sur,206050084,Tamal mix,-1.22E-11
2019,May,Mexico,Regular,Dulce,Sur,206050084,Tamal mix,-8.40E-13
2019,Jun,Mexico,Regular,Dulce,Sur,206050084,Tamal mix,348.310062
2019,Jun,Mexico,Regular,Dulce,Sur,206050084,Tamal mix,652333.2759
2019,Jun,Mexico,Regular,Dulce,Sur,206050084,Tamal mix,3.64E-10
2019,Jul,Mexico,Regular,Dulce,Sur,206050084,Tamal mix,22414.08715
2019,Jul,Mexico,Regular,Dulce,Sur,206050084,Tamal mix,350681.9779
2019,Aug,Mexico,Regular,Dulce,Sur,206050084,Tamal mix,243.085536
2019,Aug,Mexico,Regular,Dulce,Sur,206050084,Tamal mix,46781.29771
2019,Sep,Mexico,Regular,Dulce,Sur,206050084,Tamal mix,1.05E-11
2019,Oct,Mexico,Regular,Dulce,Sur,206050084,Tamal mix,-8.28E-11
2019,Nov,Mexico,Regular,Dulce,Sur,206050084,Tamal mix,872.16422
2020,Jun,Mexico,Regular,Dulce,Sur,206050084,Tamal mix,4.26E-12
2019,May,Mexico,Regular,Arroz,Sur,ABYT057271,Atole mix,13249.20222
2019,Jun,Mexico,Regular,Arroz,Sur,ABYT057271,Atole mix,-1.32E-15
2020,Jan,Mexico,Regular,Dulce,Sur,206050084,Tamal mix,10.253608
2020,Jan,Mexico,Regular,Dulce,Sur,206050084,Tamal mix,33058.94565
2020,Feb,Mexico,Regular,Dulce,Sur,206050084,Tamal mix,1.22E-10
2020,Mar,Mexico,Regular,Dulce,Sur,206050084,Tamal mix,1.27E-12
2020,Apr,Mexico,Regular,Dulce,Sur,206050084,Tamal mix,-5.66E-11
2020,May,Mexico,Regular,Dulce,Sur,206050084,Tamal mix,21801.69057
2020,May,Mexico,Regular,Dulce,Sur,206050084,Tamal mix,42786.16989
2020,Jun,Mexico,Regular,Dulce,Sur,206050084,Tamal mix,-6.06E-11
2020,Jul,Mexico,Regular,Dulce,Sur,206050084,Tamal mix,177.879526
2020,Jul,Mexico,Regular,Dulce,Sur,206050084,Tamal mix,-7.50E-12
2020,Aug,Mexico,Regular,Dulce,Sur,206050084,Tamal mix,23860.46142
2020,Feb,Mexico,Regular,Arroz,Sur,ABYT057271,Atole mix,18499.29996
2020,Apr,Mexico,Regular,Arroz,Sur,ABYT057271,Atole mix,14359.80866
2020,May,Mexico,Regular,Arroz,Sur,ABYT057271,Atole mix,14205.52794
2019,Feb,Mexico,Regular,Arroz,Sur,ABYT057271,Atole mix,6738.115566
2019,Jul,Mexico,Regular,Arroz,Sur,ABYT057271,Atole mix,5.55E-16
2019,Oct,Mexico,Regular,Arroz,Sur,ABYT057271,Atole mix,479669.5394
2020,Feb,Mexico,Regular,Arroz,Sur,ABYT057271,Atole mix,1.07E-10
2020,Mar,Mexico,Regular,Arroz,Sur,ABYT057271,Atole mix,577405.8773
2019,Jun,Mexico,Regular,Arroz,Sur,ABYT057271,Atole mix,70.376886
2019,Jun,Mexico,Regular,Verde,Sur,206054370,Tamal mix,163.68954
2019,Oct,Mexico,Regular,Verde,Sur,206054370,Tamal mix,131.448288
2019,Jan,Mexico,Regular,Arroz,Sur,ABYT057271,Atole mix,3381.472
2019,Feb,Mexico,Regular,Arroz,Sur,ABYT057271,Atole mix,186825.8419
2019,Mar,Mexico,Regular,Arroz,Sur,ABYT057271,Atole mix,4211.345572
2019,Mar,Mexico,Regular,Arroz,Sur,ABYT057271,Atole mix,-9.95E-14
2019,Apr,Mexico,Regular,Arroz,Sur,ABYT057271,Atole mix,34559.98732
2019,Nov,Mexico,Regular,Arroz,Sur,ABYT057271,Atole mix,9.36E-14
2020,Jul,Mexico,Regular,Arroz,Sur,ABYT057271,Atole mix,8.53E-14
2019,Mar,Mexico,Regular,Arroz,Sur,ABYT057271,Atole mix,2028.8832
2019,Jan,Mexico,Regular,Cajeta,Sur,ABYT055818,Atole mix,-1.94E-12
2019,Nov,Mexico,Regular,Cajeta,Sur,ABYT055818,Atole mix,1.31E-13
2019,Feb,Mexico,Regular,Dulce,Sur,206050084,Tamal mix,86125.63051
2019,Mar,Mexico,Regular,Dulce,Sur,206050084,Tamal mix,79245.32468
2019,Jul,Mexico,Regular,Dulce,Sur,206050084,Tamal mix,271.783134
2019,Jul,Mexico,Regular,Dulce,Sur,206050084,Tamal mix,2.44E-12
2019,Jul,Mexico,Regular,Dulce,Sur,206050084,Tamal mix,-6.90E-12
2019,Jul,Mexico,Regular,Dulce,Sur,206050084,Tamal mix,-2.68E-11
2019,Aug,Mexico,Regular,Dulce,Sur,206050084,Tamal mix,26848.95785
2019,Sep,Mexico,Regular,Dulce,Sur,206050084,Tamal mix,390977.8623
2019,Sep,Mexico,Regular,Dulce,Sur,206050084,Tamal mix,13039.33823
2019,Sep,Mexico,Regular,Dulce,Sur,206050084,Tamal mix,-1.22E-08
2019,Oct,Mexico,Regular,Dulce,Sur,206050084,Tamal mix,-1.82E-12
2019,Dec,Mexico,Regular,Dulce,Sur,206050084,Tamal mix,5.11E-14
2019,Jan,Mexico,Regular,Mole,Sur,206051447,Tamal mix,1.32E-12
2019,Apr,Mexico,Regular,Mole,Sur,206051447,Tamal mix,19512.15479
2019,Apr,Mexico,Regular,Mole,Sur,206051447,Tamal mix,-1.38E-13
2019,Jul,Mexico,Regular,Mole,Sur,206051447,Tamal mix,128570.9624
2019,Jul,Mexico,Regular,Mole,Sur,206051447,Tamal mix,-3.06E-13
2019,Nov,Mexico,Regular,Mole,Sur,206051447,Tamal mix,27036.98905
2020,Feb,Mexico,Regular,Mole,Sur,206051447,Tamal mix,33485.03498
2020,Feb,Mexico,Regular,Mole,Sur,206051447,Tamal mix,11870.34186
2020,Mar,Mexico,Regular,Mole,Sur,206051447,Tamal mix,11665.27624
2020,Jun,Mexico,Regular,Mole,Sur,206051447,Tamal mix,19145.12392
2019,Jan,Mexico,Regular,Dulce,Sur,206050084,Tamal mix,1.87E-11
2019,Jan,Mexico,Regular,Dulce,Sur,206050084,Tamal mix,-4.81E-12
2019,Apr,Mexico,Regular,Dulce,Sur,206050084,Tamal mix,138935.3692
2019,May,Mexico,Regular,Dulce,Sur,206050084,Tamal mix,105648.0571
2020,Jan,Mexico,Regular,Dulce,Sur,206050084,Tamal mix,4.72E-11
2019,Feb,Mexico,Regular,Arroz,Sur,ABYT057271,Atole mix,5.72E-17
2019,Mar,Mexico,Regular,Arroz,Sur,ABYT057271,Atole mix,121.943757
2019,Mar,Mexico,Regular,Arroz,Sur,ABYT057271,Atole mix,2.536104
2019,Oct,Mexico,Regular,Arroz,Sur,ABYT057271,Atole mix,1.55E-11
2019,Dec,Mexico,Regular,Dulce,Sur,206050084,Tamal mix,1739838.144
2020,Jan,Mexico,Regular,Dulce,Sur,206050084,Tamal mix,33688.23601
2020,Jan,Mexico,Regular,Dulce,Sur,206050084,Tamal mix,-1.49E-12
2020,Mar,Mexico,Regular,Dulce,Sur,206050084,Tamal mix,50873.45996
2020,Apr,Mexico,Regular,Dulce,Sur,206050084,Tamal mix,69361.38716
2020,Jul,Mexico,Regular,Dulce,Sur,206050084,Tamal mix,-4.30E-11
2020,Jul,Mexico,Regular,Dulce,Sur,206050084,Tamal mix,22846.03
2020,Jul,Mexico,Regular,Dulce,Sur,206050084,Tamal mix,1117620.349
2020,Aug,Mexico,Regular,Dulce,Sur,206050084,Tamal mix,17662.61861
2020,Aug,Mexico,Regular,Dulce,Sur,206050084,Tamal mix,11592.81585
2019,Aug,Mexico,Regular,Arroz,Sur,ABYT057271,Atole mix,2.15E-10
2019,Oct,Mexico,Regular,Arroz,Sur,ABYT057271,Atole mix,216873.3464
2020,Apr,Mexico,Regular,Arroz,Sur,ABYT057271,Atole mix,233098.3888
2019,Jun,Mexico,Regular,Arroz,Sur,ABYT057271,Atole mix,6935.888325
2019,Aug,Mexico,Regular,Arroz,Sur,ABYT057271,Atole mix,1.23E-13
2020,Aug,Mexico,Regular,Arroz,Sur,ABYT057271,Atole mix,10.5671
2019,Feb,Mexico,Regular,Arroz,Sur,ABYT057271,Atole mix,1.55E-13
2019,Jun,Mexico,Regular,Arroz,Sur,ABYT057271,Atole mix,7897.32007
2020,Jun,Mexico,Regular,Arroz,Sur,ABYT057271,Atole mix,1.63E-12
2020,Jul,Mexico,Regular,Arroz,Sur,ABYT057271,Atole mix,2698.306871
2020,Aug,Mexico,Regular,Arroz,Sur,ABYT057271,Atole mix,2309.726877
2019,May,Mexico,Regular,Arroz,Sur,ABYT057271,Atole mix,32151.0939
2020,Aug,Mexico,Regular,Arroz,Sur,ABYT057271,Atole mix,10268.75695
2019,Mar,Mexico,Regular,Arroz,Sur,ABYT057271,Atole mix,5760.131661
2020,Jan,Mexico,Regular,Arroz,Sur,ABYT057271,Atole mix,405282.4262
2020,Feb,Mexico,Regular,Arroz,Sur,ABYT057271,Atole mix,467424.0362
2020,Apr,Mexico,Regular,Cajeta,Sur,ABYT055818,Atole mix,477.211365
2019,Feb,Mexico,Regular,Mole,Sur,206051447,Tamal mix,2.41E-13
2019,Apr,Mexico,Regular,Mole,Sur,206051447,Tamal mix,-5.17E-13
2019,May,Mexico,Regular,Mole,Sur,206051447,Tamal mix,-7.14E-12
2019,Jun,Mexico,Regular,Mole,Sur,206051447,Tamal mix,24018.80822
2019,Jun,Mexico,Regular,Mole,Sur,206051447,Tamal mix,7.52E-13
2019,Jul,Mexico,Regular,Mole,Sur,206051447,Tamal mix,-1.88E-12
2019,Nov,Mexico,Regular,Mole,Sur,206051447,Tamal mix,436.082161
2020,Feb,Mexico,Regular,Mole,Sur,206051447,Tamal mix,-1.44E-15
2020,Apr,Mexico,Regular,Mole,Sur,206051447,Tamal mix,38328.99476
2020,Jun,Mexico,Regular,Mole,Sur,206051447,Tamal mix,1.17E-10
2020,Aug,Mexico,Regular,Mole,Sur,206051447,Tamal mix,5127.916731
2019,Jan,Mexico,Regular,Dulce,Sur,206050084,Tamal mix,-3.69E-12
2019,Feb,Mexico,Regular,Dulce,Sur,206050084,Tamal mix,-2.37E-13
2019,Feb,Mexico,Regular,Dulce,Sur,206050084,Tamal mix,35607.61406
2019,Mar,Mexico,Regular,Dulce,Sur,206050084,Tamal mix,385698.89
2019,Apr,Mexico,Regular,Dulce,Sur,206050084,Tamal mix,339201.8777
2019,Apr,Mexico,Regular,Dulce,Sur,206050084,Tamal mix,5.92E-12
2019,Apr,Mexico,Regular,Dulce,Sur,206050084,Tamal mix,5.30E-14
2019,May,Mexico,Regular,Dulce,Sur,206050084,Tamal mix,333.492348
2019,May,Mexico,Regular,Dulce,Sur,206050084,Tamal mix,-4.37E-13
2019,May,Mexico,Regular,Dulce,Sur,206050084,Tamal mix,1350019.41
2019,May,Mexico,Regular,Dulce,Sur,206050084,Tamal mix,4.49E-12
2019,Jun,Mexico,Regular,Dulce,Sur,206050084,Tamal mix,111699.9509
2019,Jun,Mexico,Regular,Dulce,Sur,206050084,Tamal mix,1499227.918
2019,Jul,Mexico,Regular,Dulce,Sur,206050084,Tamal mix,30769.66044
2019,Jul,Mexico,Regular,Dulce,Sur,206050084,Tamal mix,26570.62207
2019,Aug,Mexico,Regular,Dulce,Sur,206050084,Tamal mix,486974.294
2019,Aug,Mexico,Regular,Dulce,Sur,206050084,Tamal mix,5.49E-10
2019,Sep,Mexico,Regular,Dulce,Sur,206050084,Tamal mix,-8.54E-10
2019,Oct,Mexico,Regular,Dulce,Sur,206050084,Tamal mix,1.78E-10
2019,Nov,Mexico,Regular,Dulce,Sur,206050084,Tamal mix,-1.68E-12
2019,Nov,Mexico,Regular,Dulce,Sur,206050084,Tamal mix,6.06E-12
2019,Nov,Mexico,Regular,Dulce,Sur,206050084,Tamal mix,1.83E-14
2019,Dec,Mexico,Regular,Dulce,Sur,206050084,Tamal mix,30243.04327
2019,Dec,Mexico,Regular,Dulce,Sur,206050084,Tamal mix,2.86E-12
2019,Dec,Mexico,Regular,Dulce,Sur,206050084,Tamal mix,-1.30E-14
2020,Apr,Mexico,Regular,Dulce,Sur,206050084,Tamal mix,4425.18395
2019,Jan,Mexico,Regular,Arroz,Sur,ABYT057271,Atole mix,13244.2709
2019,May,Mexico,Regular,Arroz,Sur,ABYT057271,Atole mix,1.30E-17
2019,Aug,Mexico,Regular,Arroz,Sur,ABYT057271,Atole mix,-2.18E-12
2020,Jan,Mexico,Regular,Dulce,Sur,206050084,Tamal mix,246401.231
2020,Feb,Mexico,Regular,Dulce,Sur,206050084,Tamal mix,7.48E-09
2020,Mar,Mexico,Regular,Dulce,Sur,206050084,Tamal mix,121285.6631
2020,Mar,Mexico,Regular,Dulce,Sur,206050084,Tamal mix,-2.84E-11
2020,Mar,Mexico,Regular,Dulce,Sur,206050084,Tamal mix,-1.20E-10
2020,Mar,Mexico,Regular,Dulce,Sur,206050084,Tamal mix,47173.79058
2020,Apr,Mexico,Regular,Dulce,Sur,206050084,Tamal mix,9.46E-11
2020,Apr,Mexico,Regular,Dulce,Sur,206050084,Tamal mix,33155.66834
2020,Apr,Mexico,Regular,Dulce,Sur,206050084,Tamal mix,3.00E-11
2020,May,Mexico,Regular,Dulce,Sur,206050084,Tamal mix,33.76188
2020,May,Mexico,Regular,Dulce,Sur,206050084,Tamal mix,-2.64E-16
2020,May,Mexico,Regular,Dulce,Sur,206050084,Tamal mix,1.44E-10
2020,Jun,Mexico,Regular,Dulce,Sur,206050084,Tamal mix,-3.48E-12
2020,Jun,Mexico,Regular,Dulce,Sur,206050084,Tamal mix,6.80E-11
2020,Jun,Mexico,Regular,Dulce,Sur,206050084,Tamal mix,10831.89933
2020,Jun,Mexico,Regular,Dulce,Sur,206050084,Tamal mix,-1.27E-09
2020,Jul,Mexico,Regular,Dulce,Sur,206050084,Tamal mix,8140.738656
2020,Aug,Mexico,Regular,Dulce,Sur,206050084,Tamal mix,15315.63031
2020,Aug,Mexico,Regular,Dulce,Sur,206050084,Tamal mix,25286.12056
2020,Aug,Mexico,Regular,Dulce,Sur,206050084,Tamal mix,682305.5617
2020,Feb,Mexico,Regular,Cajeta,Sur,ABYT055818,Atole mix,1126.59642
2019,Dec,Mexico,Regular,Arroz,Sur,ABYT057271,Atole mix,31315.42015
2020,Jan,Mexico,Regular,Arroz,Sur,ABYT057271,Atole mix,-3.65E-11
2020,May,Mexico,Regular,Arroz,Sur,ABYT057271,Atole mix,-2.04E-11
2019,Apr,Mexico,Regular,Arroz,Sur,ABYT057271,Atole mix,0
2019,Apr,Mexico,Regular,Arroz,Sur,ABYT057271,Atole mix,-2.21E-10
2019,Jul,Mexico,Regular,Arroz,Sur,ABYT057271,Atole mix,-1.39E-10
2019,Aug,Mexico,Regular,Arroz,Sur,ABYT057271,Atole mix,0
2019,Apr,Mexico,Regular,Arroz,Sur,ABYT057271,Atole mix,77.985198
2019,Feb,Mexico,Regular,Verde,Sur,206054370,Tamal mix,141.174468
2019,Mar,Mexico,Regular,Verde,Sur,206054370,Tamal mix,192.371424
2019,May,Mexico,Regular,Verde,Sur,206054370,Tamal mix,137.532324
2019,Oct,Mexico,Regular,Verde,Sur,206054370,Tamal mix,-6.22E-15
2020,Feb,Mexico,Regular,Verde,Sur,206054370,Tamal mix,5.22E-15
2020,Aug,Mexico,Regular,Verde,Sur,206054370,Tamal mix,21.811476
2019,Jan,Mexico,Regular,Mole,Sur,206051447,Tamal mix,14703.06294
2019,Feb,Mexico,Regular,Mole,Sur,206051447,Tamal mix,-5.68E-13
2019,Apr,Mexico,Regular,Mole,Sur,206051447,Tamal mix,38410.71381
2019,Jul,Mexico,Regular,Mole,Sur,206051447,Tamal mix,39980.98523
2019,Jul,Mexico,Regular,Mole,Sur,206051447,Tamal mix,-5.01E-12
2019,Jul,Mexico,Regular,Mole,Sur,206051447,Tamal mix,-3.01E-12
2019,Aug,Mexico,Regular,Mole,Sur,206051447,Tamal mix,18501.93623
2019,Aug,Mexico,Regular,Mole,Sur,206051447,Tamal mix,2.54E-12
2019,Sep,Mexico,Regular,Mole,Sur,206051447,Tamal mix,137152.5043
2019,Sep,Mexico,Regular,Mole,Sur,206051447,Tamal mix,6519.669116
2019,Oct,Mexico,Regular,Mole,Sur,206051447,Tamal mix,8.88E-16
2019,Nov,Mexico,Regular,Mole,Sur,206051447,Tamal mix,1.408947
2020,Jan,Mexico,Regular,Mole,Sur,206051447,Tamal mix,8.66E-14
2020,Feb,Mexico,Regular,Mole,Sur,206051447,Tamal mix,1.31E-11
2020,Feb,Mexico,Regular,Mole,Sur,206051447,Tamal mix,9057.898237
2020,Feb,Mexico,Regular,Mole,Sur,206051447,Tamal mix,1.41E-11
2020,Mar,Mexico,Regular,Mole,Sur,206051447,Tamal mix,-3.37E-12
2020,Apr,Mexico,Regular,Mole,Sur,206051447,Tamal mix,12873.44454
2020,May,Mexico,Regular,Mole,Sur,206051447,Tamal mix,6794.374761
2020,May,Mexico,Regular,Mole,Sur,206051447,Tamal mix,2.68E-11
2020,Jun,Mexico,Regular,Mole,Sur,206051447,Tamal mix,2.58E-14
2019,Jan,Mexico,Regular,Dulce,Sur,206050084,Tamal mix,444.968074
2019,Jan,Mexico,Regular,Dulce,Sur,206050084,Tamal mix,-8.11E-11
2019,Jan,Mexico,Regular,Arroz,Sur,ABYT057271,Atole mix,-9.25E-12
2019,Feb,Mexico,Regular,Arroz,Sur,ABYT057271,Atole mix,7.22E-16
2019,Mar,Mexico,Regular,Arroz,Sur,ABYT057271,Atole mix,5768.319087
2020,Apr,Mexico,Regular,Arroz,Sur,ABYT057271,Atole mix,-4.98E-10
2019,Apr,Mexico,Regular,Arroz,Sur,ABYT057271,Atole mix,5566.21358
2019,Jan,Mexico,Regular,Arroz,Sur,ABYT057271,Atole mix,5369.494337
2019,Jun,Mexico,Regular,Arroz,Sur,ABYT057271,Atole mix,0
2019,Oct,Mexico,Regular,Arroz,Sur,ABYT057271,Atole mix,9189.851811
2019,Jun,Mexico,Regular,Arroz,Sur,ABYT057271,Atole mix,-8.47E-12
2019,Feb,Mexico,Regular,Dulce,Sur,206050084,Tamal mix,33680.9635
2019,Apr,Mexico,Regular,Dulce,Sur,206050084,Tamal mix,-1.07E-11
2019,May,Mexico,Regular,Dulce,Sur,206050084,Tamal mix,-1.23E-14
2019,May,Mexico,Regular,Dulce,Sur,206050084,Tamal mix,51210.71746
2019,Sep,Mexico,Regular,Dulce,Sur,206050084,Tamal mix,85343.59914
2019,Sep,Mexico,Regular,Dulce,Sur,206050084,Tamal mix,2.53E-12
2019,Nov,Mexico,Regular,Dulce,Sur,206050084,Tamal mix,428133.0799
2019,Nov,Mexico,Regular,Dulce,Sur,206050084,Tamal mix,-2.25E-11
2019,Nov,Mexico,Regular,Dulce,Sur,206050084,Tamal mix,63044.90472
2019,Dec,Mexico,Regular,Dulce,Sur,206050084,Tamal mix,52417.95837
2019,Jun,Mexico,Regular,Dulce,Sur,206050084,Tamal mix,-9.98E-12
2020,May,Mexico,Regular,Dulce,Sur,206050084,Tamal mix,-1.71E-13
2020,Jul,Mexico,Regular,Dulce,Sur,206050084,Tamal mix,15158.60885
2019,Mar,Mexico,Regular,Arroz,Sur,ABYT057271,Atole mix,18032.02389
2019,Apr,Mexico,Regular,Arroz,Sur,ABYT057271,Atole mix,4.55E-12
2019,Jun,Mexico,Regular,Arroz,Sur,ABYT057271,Atole mix,1.268046
2019,Dec,Mexico,Regular,Arroz,Sur,ABYT057271,Atole mix,2.747446
2020,Jan,Mexico,Regular,Arroz,Sur,ABYT057271,Atole mix,11965.78967
2020,Mar,Mexico,Regular,Arroz,Sur,ABYT057271,Atole mix,8.31E-12
2019,Dec,Mexico,Regular,Dulce,Sur,206050084,Tamal mix,-3.41E-12
2020,Jan,Mexico,Regular,Dulce,Sur,206050084,Tamal mix,-1.55E-15
2020,Jan,Mexico,Regular,Dulce,Sur,206050084,Tamal mix,14972.91794
2020,Jan,Mexico,Regular,Dulce,Sur,206050084,Tamal mix,4.20E-11
2020,Jan,Mexico,Regular,Dulce,Sur,206050084,Tamal mix,50628.07297
2020,Feb,Mexico,Regular,Dulce,Sur,206050084,Tamal mix,0.827755
2020,Feb,Mexico,Regular,Dulce,Sur,206050084,Tamal mix,1.16E-09
2020,Feb,Mexico,Regular,Dulce,Sur,206050084,Tamal mix,1.44E-15
2020,Apr,Mexico,Regular,Dulce,Sur,206050084,Tamal mix,1.13E-26
2020,Apr,Mexico,Regular,Dulce,Sur,206050084,Tamal mix,6.22E-10
2020,May,Mexico,Regular,Dulce,Sur,206050084,Tamal mix,-2.03E-09
2020,May,Mexico,Regular,Dulce,Sur,206050084,Tamal mix,-1.63E-11
2020,May,Mexico,Regular,Dulce,Sur,206050084,Tamal mix,330251.8934
2020,Jun,Mexico,Regular,Dulce,Sur,206050084,Tamal mix,4.71E-09
2020,Jul,Mexico,Regular,Dulce,Sur,206050084,Tamal mix,78907.41254
2020,Jul,Mexico,Regular,Dulce,Sur,206050084,Tamal mix,4.98E-11
2020,Feb,Mexico,Regular,Arroz,Sur,ABYT057271,Atole mix,-6.01E-11
2019,Jul,Mexico,Regular,Arroz,Sur,ABYT057271,Atole mix,442873.4685
2019,Nov,Mexico,Regular,Arroz,Sur,ABYT057271,Atole mix,469322.2435
2019,Jan,Mexico,Regular,Verde,Sur,206054370,Tamal mix,103.097508
2019,Feb,Mexico,Regular,Verde,Sur,206054370,Tamal mix,3.22E-15
2020,May,Mexico,Regular,Verde,Sur,206054370,Tamal mix,73.173984
2019,Sep,Mexico,Regular,Cajeta,Sur,ABYT055818,Atole mix,-2.68E-13
2019,Nov,Mexico,Regular,Cajeta,Sur,ABYT055818,Atole mix,936.562073
2020,Jul,Mexico,Regular,Cajeta,Sur,ABYT055818,Atole mix,4.44E-16
2019,Jan,Mexico,Regular,Arroz,Sur,ABYT057271,Atole mix,-1.49E-14
2019,Jun,Mexico,Regular,Arroz,Sur,ABYT057271,Atole mix,6.14E-14
2019,Sep,Mexico,Regular,Arroz,Sur,ABYT057271,Atole mix,-3.35E-10
2020,Feb,Mexico,Regular,Arroz,Sur,ABYT057271,Atole mix,240464.5831
2020,Mar,Mexico,Regular,Arroz,Sur,ABYT057271,Atole mix,-5.39E-10
2020,Aug,Mexico,Regular,Arroz,Sur,ABYT057271,Atole mix,193612.7784
2020,Feb,Mexico,Regular,Arroz,Sur,ABYT057271,Atole mix,4889.572585
2020,Mar,Mexico,Regular,Arroz,Sur,ABYT057271,Atole mix,5786.18996
2020,May,Mexico,Regular,Arroz,Sur,ABYT057271,Atole mix,-1.01E-12
2020,Jun,Mexico,Regular,Arroz,Sur,ABYT057271,Atole mix,-1.38E-12
2019,Mar,Mexico,Regular,Arroz,Sur,ABYT057271,Atole mix,5939.415027
2019,May,Mexico,Regular,Arroz,Sur,ABYT057271,Atole mix,-9.65E-13
2019,Jan,Mexico,Regular,Mole,Sur,206051447,Tamal mix,21971.11952
2019,Jan,Mexico,Regular,Mole,Sur,206051447,Tamal mix,93793.05125
2019,Sep,Mexico,Regular,Mole,Sur,206051447,Tamal mix,14743.81487
2019,Nov,Mexico,Regular,Mole,Sur,206051447,Tamal mix,1.65E-12
2019,Dec,Mexico,Regular,Mole,Sur,206051447,Tamal mix,3.08E-12
2019,Dec,Mexico,Regular,Mole,Sur,206051447,Tamal mix,1.34E-12
2019,Dec,Mexico,Regular,Mole,Sur,206051447,Tamal mix,2.72E-12
2020,Jan,Mexico,Regular,Mole,Sur,206051447,Tamal mix,83411.9322
2020,Jan,Mexico,Regular,Mole,Sur,206051447,Tamal mix,-1.44E-11
2020,Jan,Mexico,Regular,Mole,Sur,206051447,Tamal mix,5.126804
2020,Feb,Mexico,Regular,Mole,Sur,206051447,Tamal mix,90385.16149
2020,Mar,Mexico,Regular,Mole,Sur,206051447,Tamal mix,5.35E-13
2020,May,Mexico,Regular,Mole,Sur,206051447,Tamal mix,-1.04E-10
2020,Aug,Mexico,Regular,Mole,Sur,206051447,Tamal mix,12901.02314
2020,Aug,Mexico,Regular,Mole,Sur,206051447,Tamal mix,58246.59497
2019,Jan,Mexico,Regular,Dulce,Sur,206050084,Tamal mix,5.94E-15
2019,Jan,Mexico,Regular,Dulce,Sur,206050084,Tamal mix,3.86E-12
2019,Feb,Mexico,Regular,Dulce,Sur,206050084,Tamal mix,293743.2594
2019,Mar,Mexico,Regular,Dulce,Sur,206050084,Tamal mix,54386.87702
2019,Mar,Mexico,Regular,Dulce,Sur,206050084,Tamal mix,5.93E-13
2019,Apr,Mexico,Regular,Dulce,Sur,206050084,Tamal mix,-5.38E-13
2019,May,Mexico,Regular,Dulce,Sur,206050084,Tamal mix,80197.68452
2019,Jun,Mexico,Regular,Dulce,Sur,206050084,Tamal mix,-1.80E-15
2019,Jun,Mexico,Regular,Dulce,Sur,206050084,Tamal mix,3.57E-13
2019,Jul,Mexico,Regular,Dulce,Sur,206050084,Tamal mix,-1.05E-11
2019,Aug,Mexico,Regular,Dulce,Sur,206050084,Tamal mix,1.05E-10
2019,Aug,Mexico,Regular,Dulce,Sur,206050084,Tamal mix,2.34E-10
2019,Sep,Mexico,Regular,Dulce,Sur,206050084,Tamal mix,1.09E-11
2019,Sep,Mexico,Regular,Dulce,Sur,206050084,Tamal mix,2784.242324
2019,Sep,Mexico,Regular,Dulce,Sur,206050084,Tamal mix,35594.90238
2019,Oct,Mexico,Regular,Dulce,Sur,206050084,Tamal mix,438134.3214
2019,Dec,Mexico,Regular,Dulce,Sur,206050084,Tamal mix,-3.79E-09
2019,Aug,Mexico,Regular,Dulce,Sur,206050084,Tamal mix,90592.1604
2020,Aug,Mexico,Regular,Dulce,Sur,206050084,Tamal mix,6042.9011
2019,Jan,Mexico,Regular,Arroz,Sur,ABYT057271,Atole mix,-3.31E-12
2019,Feb,Mexico,Regular,Arroz,Sur,ABYT057271,Atole mix,6.445931
2019,Mar,Mexico,Regular,Arroz,Sur,ABYT057271,Atole mix,0
2019,Apr,Mexico,Regular,Arroz,Sur,ABYT057271,Atole mix,-1.04E-16
2019,Jun,Mexico,Regular,Arroz,Sur,ABYT057271,Atole mix,17797.75073
2019,Jul,Mexico,Regular,Arroz,Sur,ABYT057271,Atole mix,0
2019,Dec,Mexico,Regular,Dulce,Sur,206050084,Tamal mix,6245.197536
2020,Jan,Mexico,Regular,Dulce,Sur,206050084,Tamal mix,9.81E-10
2020,Feb,Mexico,Regular,Dulce,Sur,206050084,Tamal mix,-2.43E-11
2020,Feb,Mexico,Regular,Dulce,Sur,206050084,Tamal mix,387750.0936
2020,Feb,Mexico,Regular,Dulce,Sur,206050084,Tamal mix,-2.39E-11
2020,Mar,Mexico,Regular,Dulce,Sur,206050084,Tamal mix,-3.84E-12
2020,Apr,Mexico,Regular,Dulce,Sur,206050084,Tamal mix,366442.2551
2020,May,Mexico,Regular,Dulce,Sur,206050084,Tamal mix,25717.08026
2020,May,Mexico,Regular,Dulce,Sur,206050084,Tamal mix,69064.71689
2020,May,Mexico,Regular,Dulce,Sur,206050084,Tamal mix,11062.76099
2020,Jun,Mexico,Regular,Dulce,Sur,206050084,Tamal mix,101151.5728
2020,Jun,Mexico,Regular,Dulce,Sur,206050084,Tamal mix,399612.9448
2020,Jul,Mexico,Regular,Dulce,Sur,206050084,Tamal mix,1.32E-11
2020,Jul,Mexico,Regular,Dulce,Sur,206050084,Tamal mix,307231.1079
2020,Jul,Mexico,Regular,Dulce,Sur,206050084,Tamal mix,28217.49206
2020,Aug,Mexico,Regular,Dulce,Sur,206050084,Tamal mix,2008.594368
2019,Apr,Mexico,Regular,Cajeta,Sur,ABYT055818,Atole mix,-1.49E-12
2019,Aug,Mexico,Regular,Cajeta,Sur,ABYT055818,Atole mix,-7.75E-13
2019,Mar,Mexico,Regular,Dulce,Sur,206050084,Tamal mix,84945.35044
2019,Apr,Mexico,Regular,Dulce,Sur,206050084,Tamal mix,42613.60311
2019,Apr,Mexico,Regular,Dulce,Sur,206050084,Tamal mix,83715.77227
2019,May,Mexico,Regular,Dulce,Sur,206050084,Tamal mix,4.22E-13
2019,Jun,Mexico,Regular,Dulce,Sur,206050084,Tamal mix,3.57E-10
2019,Jul,Mexico,Regular,Dulce,Sur,206050084,Tamal mix,80966.70527
2019,Jul,Mexico,Regular,Dulce,Sur,206050084,Tamal mix,-1.63E-12
2019,Aug,Mexico,Regular,Dulce,Sur,206050084,Tamal mix,-4.57E-12
2019,Aug,Mexico,Regular,Dulce,Sur,206050084,Tamal mix,65571.88616
2019,Aug,Mexico,Regular,Dulce,Sur,206050084,Tamal mix,-1.66E-11
2019,Oct,Mexico,Regular,Dulce,Sur,206050084,Tamal mix,2.26E-11
2019,Oct,Mexico,Regular,Dulce,Sur,206050084,Tamal mix,17373.55505
2019,Nov,Mexico,Regular,Dulce,Sur,206050084,Tamal mix,19417.04824
2019,Nov,Mexico,Regular,Dulce,Sur,206050084,Tamal mix,-3.41E-13
2019,Nov,Mexico,Regular,Dulce,Sur,206050084,Tamal mix,21681.14082
2019,Nov,Mexico,Regular,Dulce,Sur,206050084,Tamal mix,56338.79588
2019,Dec,Mexico,Regular,Dulce,Sur,206050084,Tamal mix,111065.0131
2019,Jan,Mexico,Regular,Arroz,Sur,ABYT057271,Atole mix,471.293106
2019,Jul,Mexico,Regular,Arroz,Sur,ABYT057271,Atole mix,5.283555
2019,Dec,Mexico,Regular,Arroz,Sur,ABYT057271,Atole mix,297202.8291
2020,Jul,Mexico,Regular,Arroz,Sur,ABYT057271,Atole mix,275938.8778
2020,Mar,Mexico,Regular,Arroz,Sur,ABYT057271,Atole mix,-1.23E-13
2020,May,Mexico,Regular,Arroz,Sur,ABYT057271,Atole mix,4359.103106
2019,Jan,Mexico,Regular,Arroz,Sur,ABYT057271,Atole mix,845.368
2019,Mar,Mexico,Regular,Arroz,Sur,ABYT057271,Atole mix,0
2019,Apr,Mexico,Regular,Arroz,Sur,ABYT057271,Atole mix,-5.68E-14
2020,Apr,Mexico,Regular,Arroz,Sur,ABYT057271,Atole mix,14890.10061
2019,Jul,Mexico,Regular,Arroz,Sur,ABYT057271,Atole mix,1.44E-11
2019,Oct,Mexico,Regular,Arroz,Sur,ABYT057271,Atole mix,-6.03E-12
2019,May,Mexico,Regular,Arroz,Sur,ABYT057271,Atole mix,8268.496789
2019,Jun,Mexico,Regular,Arroz,Sur,ABYT057271,Atole mix,389.926236
2019,Sep,Mexico,Regular,Arroz,Sur,ABYT057271,Atole mix,0
2020,Jul,Mexico,Regular,Arroz,Sur,ABYT057271,Atole mix,-5.53E-10
2019,Aug,Mexico,Regular,Verde,Sur,206054370,Tamal mix,-4.01E-15
2019,Sep,Mexico,Regular,Verde,Sur,206054370,Tamal mix,167.82834
2020,Mar,Mexico,Regular,Verde,Sur,206054370,Tamal mix,-1.01E-14
2020,Jun,Mexico,Low-Calorie,Verde,Sur,206054370,Tamal mix,0
2019,Feb,Mexico,Regular,Mole,Sur,206051447,Tamal mix,88991.88936
2019,Mar,Mexico,Regular,Mole,Sur,206051447,Tamal mix,3.26E-12
2019,May,Mexico,Regular,Mole,Sur,206051447,Tamal mix,20681.93306
2019,May,Mexico,Regular,Mole,Sur,206051447,Tamal mix,-1.02E-11
2019,Sep,Mexico,Regular,Mole,Sur,206051447,Tamal mix,23097.0403
2019,Oct,Mexico,Regular,Mole,Sur,206051447,Tamal mix,1.86E-11
2019,Oct,Mexico,Regular,Mole,Sur,206051447,Tamal mix,10628.32994
2019,Oct,Mexico,Regular,Mole,Sur,206051447,Tamal mix,3.23E-11
2019,Nov,Mexico,Regular,Mole,Sur,206051447,Tamal mix,-1.65E-12
2020,Feb,Mexico,Regular,Mole,Sur,206051447,Tamal mix,0.413878
2020,Feb,Mexico,Regular,Mole,Sur,206051447,Tamal mix,82241.62588
2020,Mar,Mexico,Regular,Mole,Sur,206051447,Tamal mix,-6.19E-11
2020,Apr,Mexico,Regular,Mole,Sur,206051447,Tamal mix,123075.5421
2020,Apr,Mexico,Regular,Mole,Sur,206051447,Tamal mix,-1.55E-11
2020,May,Mexico,Regular,Mole,Sur,206051447,Tamal mix,-2.34E-12
2020,Jun,Mexico,Regular,Mole,Sur,206051447,Tamal mix,0
2020,Jul,Mexico,Regular,Mole,Sur,206051447,Tamal mix,2.46E-11
2020,Aug,Mexico,Regular,Mole,Sur,206051447,Tamal mix,3138.888348
2019,Jan,Mexico,Regular,Dulce,Sur,206050084,Tamal mix,5.67E-13
2019,Apr,Mexico,Regular,Dulce,Sur,206050084,Tamal mix,4.78E-12
2019,Oct,Mexico,Regular,Dulce,Sur,206050084,Tamal mix,98475.32175
2020,Jan,Mexico,Regular,Dulce,Sur,206050084,Tamal mix,57484.5946
2020,Apr,Mexico,Regular,Dulce,Sur,206050084,Tamal mix,2.50E-12
2019,Jan,Mexico,Regular,Arroz,Sur,ABYT057271,Atole mix,17.61175
2019,Sep,Mexico,Regular,Arroz,Sur,ABYT057271,Atole mix,3.909827
2019,Oct,Mexico,Regular,Arroz,Sur,ABYT057271,Atole mix,3.064459
2019,Dec,Mexico,Regular,Arroz,Sur,ABYT057271,Atole mix,0
2020,Jan,Mexico,Regular,Dulce,Sur,206050084,Tamal mix,10799.57735
2020,Feb,Mexico,Regular,Dulce,Sur,206050084,Tamal mix,917902.1595
2020,Mar,Mexico,Regular,Dulce,Sur,206050084,Tamal mix,1.57E-11
2020,Apr,Mexico,Regular,Dulce,Sur,206050084,Tamal mix,-3.07E-12
2020,Jul,Mexico,Regular,Dulce,Sur,206050084,Tamal mix,5.33E-14
2020,Aug,Mexico,Regular,Dulce,Sur,206050084,Tamal mix,2907.164189
2020,Aug,Mexico,Regular,Dulce,Sur,206050084,Tamal mix,390819.4383
2020,Aug,Mexico,Regular,Dulce,Sur,206050084,Tamal mix,25314.1728
2019,Feb,Mexico,Regular,Arroz,Sur,ABYT057271,Atole mix,-3.91E-14
2019,May,Mexico,Regular,Arroz,Sur,ABYT057271,Atole mix,-1.94E-14
2019,May,Mexico,Regular,Arroz,Sur,ABYT057271,Atole mix,25787.04328
2019,Jun,Mexico,Regular,Arroz,Sur,ABYT057271,Atole mix,9.30E-12
2019,Jul,Mexico,Regular,Arroz,Sur,ABYT057271,Atole mix,-3.55E-14
2019,Aug,Mexico,Regular,Arroz,Sur,ABYT057271,Atole mix,0
2020,Feb,Mexico,Regular,Arroz,Sur,ABYT057271,Atole mix,1.056711
2020,May,Mexico,Regular,Arroz,Sur,ABYT057271,Atole mix,284641.0463
2020,Jun,Mexico,Regular,Arroz,Sur,ABYT057271,Atole mix,1.82E-10
2020,Jul,Mexico,Regular,Arroz,Sur,ABYT057271,Atole mix,1.36E-09
2019,Sep,Mexico,Regular,Arroz,Sur,ABYT057271,Atole mix,6695.141263
2020,Jan,Mexico,Regular,Arroz,Sur,ABYT057271,Atole mix,1.97E-12
2020,May,Mexico,Regular,Arroz,Sur,ABYT057271,Atole mix,-7.25E-13
2019,Nov,Mexico,Regular,Arroz,Sur,ABYT057271,Atole mix,24354.87878
2019,Mar,Mexico,Regular,Cajeta,Sur,ABYT055818,Atole mix,-1.25E-12
2019,Dec,Mexico,Regular,Cajeta,Sur,ABYT055818,Atole mix,1.05E-14
2020,Mar,Mexico,Regular,Cajeta,Sur,ABYT055818,Atole mix,4.22E-15
2019,Dec,Mexico,Regular,Arroz,Sur,ABYT057271,Atole mix,-3.67E-12
2020,Jul,Mexico,Regular,Arroz,Sur,ABYT057271,Atole mix,1.39E-11
2019,Jan,Mexico,Regular,Arroz,Sur,ABYT057271,Atole mix,389354.3036
2019,Mar,Mexico,Regular,Arroz,Sur,ABYT057271,Atole mix,1.35E-13
2019,Mar,Mexico,Regular,Arroz,Sur,ABYT057271,Atole mix,19999.04243
2019,Jun,Mexico,Regular,Arroz,Sur,ABYT057271,Atole mix,527883.3026
2020,May,Mexico,Regular,Arroz,Sur,ABYT057271,Atole mix,1.00E-09
2019,Nov,Mexico,Regular,Verde,Sur,206054370,Tamal mix,124.536492
2019,Dec,Mexico,Regular,Verde,Sur,206054370,Tamal mix,1.73E-15
2019,Feb,Mexico,Regular,Dulce,Sur,206050084,Tamal mix,-2.40E-13
2019,Feb,Mexico,Regular,Dulce,Sur,206050084,Tamal mix,40923.2129
2019,Apr,Mexico,Regular,Dulce,Sur,206050084,Tamal mix,44779.95976
2019,Apr,Mexico,Regular,Dulce,Sur,206050084,Tamal mix,24915.39893
2019,Apr,Mexico,Regular,Dulce,Sur,206050084,Tamal mix,3.39E-12
2019,May,Mexico,Regular,Dulce,Sur,206050084,Tamal mix,3.32E-12
2019,May,Mexico,Regular,Dulce,Sur,206050084,Tamal mix,6.21E-13
2019,Jun,Mexico,Regular,Dulce,Sur,206050084,Tamal mix,98363.33258
2019,Jun,Mexico,Regular,Dulce,Sur,206050084,Tamal mix,-1.54E-11
2019,Jul,Mexico,Regular,Dulce,Sur,206050084,Tamal mix,2.74E-11
2019,Jul,Mexico,Regular,Dulce,Sur,206050084,Tamal mix,1.65E-11
2019,Sep,Mexico,Regular,Dulce,Sur,206050084,Tamal mix,49182.81867
2019,Sep,Mexico,Regular,Dulce,Sur,206050084,Tamal mix,1378338.709
2019,Nov,Mexico,Regular,Dulce,Sur,206050084,Tamal mix,-9.54E-12
2019,Jan,Mexico,Regular,Mole,Sur,206051447,Tamal mix,-5.94E-13
2019,Feb,Mexico,Regular,Mole,Sur,206051447,Tamal mix,1.31E-11
2019,Mar,Mexico,Regular,Mole,Sur,206051447,Tamal mix,1.96E-11
2019,Apr,Mexico,Regular,Mole,Sur,206051447,Tamal mix,-6.21E-13
2019,Jun,Mexico,Regular,Mole,Sur,206051447,Tamal mix,133948.5596
2019,Sep,Mexico,Regular,Mole,Sur,206051447,Tamal mix,-7.50E-12
2019,Oct,Mexico,Regular,Mole,Sur,206051447,Tamal mix,-1.22E-10
2019,Nov,Mexico,Regular,Mole,Sur,206051447,Tamal mix,12442.3908
2019,Dec,Mexico,Regular,Mole,Sur,206051447,Tamal mix,16765.87276
2019,Dec,Mexico,Regular,Mole,Sur,206051447,Tamal mix,187138.5858
2020,Mar,Mexico,Regular,Mole,Sur,206051447,Tamal mix,43921.10561
2020,Mar,Mexico,Regular,Mole,Sur,206051447,Tamal mix,111110.9431
2020,May,Mexico,Regular,Mole,Sur,206051447,Tamal mix,3217.629333
2020,Jun,Mexico,Regular,Mole,Sur,206051447,Tamal mix,2080.568979
2020,Jul,Mexico,Regular,Mole,Sur,206051447,Tamal mix,22.19091
2019,May,Mexico,Regular,Dulce,Sur,206050084,Tamal mix,-4.61E-13
2019,Nov,Mexico,Regular,Dulce,Sur,206050084,Tamal mix,92107.16535
2020,Feb,Mexico,Regular,Dulce,Sur,206050084,Tamal mix,80166.8721
2020,Mar,Mexico,Regular,Dulce,Sur,206050084,Tamal mix,79490.68345
2019,Jul,Mexico,Regular,Arroz,Sur,ABYT057271,Atole mix,12498.19665
2019,Jul,Mexico,Regular,Arroz,Sur,ABYT057271,Atole mix,0.317013
2019,Aug,Mexico,Regular,Arroz,Sur,ABYT057271,Atole mix,12994.64018
2019,Aug,Mexico,Regular,Arroz,Sur,ABYT057271,Atole mix,0
2020,Feb,Mexico,Regular,Arroz,Sur,ABYT057271,Atole mix,10998.19325
2020,Feb,Mexico,Regular,Arroz,Sur,ABYT057271,Atole mix,-4.55E-11
2020,Jul,Mexico,Regular,Arroz,Sur,ABYT057271,Atole mix,-9.32E-12
2019,Dec,Mexico,Regular,Dulce,Sur,206050084,Tamal mix,-9.03E-12
2019,Dec,Mexico,Regular,Dulce,Sur,206050084,Tamal mix,64535.71283
2019,Dec,Mexico,Regular,Dulce,Sur,206050084,Tamal mix,1.68E-11
2020,Jan,Mexico,Regular,Dulce,Sur,206050084,Tamal mix,18760.06849
2020,Jan,Mexico,Regular,Dulce,Sur,206050084,Tamal mix,-7.32E-12
2020,Apr,Mexico,Regular,Dulce,Sur,206050084,Tamal mix,-1.78E-15
2020,May,Mexico,Regular,Dulce,Sur,206050084,Tamal mix,35098.98323
2020,May,Mexico,Regular,Dulce,Sur,206050084,Tamal mix,-4.43E-11
2020,May,Mexico,Regular,Dulce,Sur,206050084,Tamal mix,7.29E-11
2020,Jun,Mexico,Regular,Dulce,Sur,206050084,Tamal mix,29099.19383
2020,Aug,Mexico,Regular,Dulce,Sur,206050084,Tamal mix,154217.749
2019,Mar,Mexico,Regular,Cajeta,Sur,ABYT055818,Atole mix,4737.776826
2019,Oct,Mexico,Regular,Cajeta,Sur,ABYT055818,Atole mix,105.248565
2020,Jan,Mexico,Regular,Cajeta,Sur,ABYT055818,Atole mix,56.111301
2020,Jan,Mexico,Regular,Cajeta,Sur,ABYT055818,Atole mix,1203.52509
2020,Apr,Mexico,Regular,Cajeta,Sur,ABYT055818,Atole mix,-2.84E-14
2019,Feb,Mexico,Regular,Dulce,Sur,206050084,Tamal mix,3.57E-14
2019,Mar,Mexico,Regular,Dulce,Sur,206050084,Tamal mix,49032.41359
2019,Apr,Mexico,Regular,Dulce,Sur,206050084,Tamal mix,500382.4907
2019,May,Mexico,Regular,Dulce,Sur,206050084,Tamal mix,47253.97008
2019,Jun,Mexico,Regular,Dulce,Sur,206050084,Tamal mix,4.74E-11
2019,Jun,Mexico,Regular,Dulce,Sur,206050084,Tamal mix,-9.24E-13
2019,Jun,Mexico,Regular,Dulce,Sur,206050084,Tamal mix,-5.44E-12
2019,Jul,Mexico,Regular,Dulce,Sur,206050084,Tamal mix,-8.68E-11
2019,Jul,Mexico,Regular,Dulce,Sur,206050084,Tamal mix,67617.41254
2019,Aug,Mexico,Regular,Dulce,Sur,206050084,Tamal mix,28727.83316
2019,Sep,Mexico,Regular,Dulce,Sur,206050084,Tamal mix,6.82E-12
2019,Sep,Mexico,Regular,Dulce,Sur,206050084,Tamal mix,19451.91768
2019,Sep,Mexico,Regular,Dulce,Sur,206050084,Tamal mix,-6.50E-11
2019,Sep,Mexico,Regular,Dulce,Sur,206050084,Tamal mix,24641.50921
2019,Oct,Mexico,Regular,Dulce,Sur,206050084,Tamal mix,40158.19196
2019,Oct,Mexico,Regular,Dulce,Sur,206050084,Tamal mix,1.30E-08
2019,Nov,Mexico,Regular,Dulce,Sur,206050084,Tamal mix,1.28E-14
2019,Nov,Mexico,Regular,Dulce,Sur,206050084,Tamal mix,285157.4886
2019,Nov,Mexico,Regular,Dulce,Sur,206050084,Tamal mix,22793.77058
2019,Nov,Mexico,Regular,Dulce,Sur,206050084,Tamal mix,43237.08935
2020,Jun,Mexico,Regular,Arroz,Sur,ABYT057271,Atole mix,5.29E-12
2019,Jan,Mexico,Regular,Arroz,Sur,ABYT057271,Atole mix,2.96E-11
2019,Mar,Mexico,Regular,Arroz,Sur,ABYT057271,Atole mix,-3.22E-10
2020,Mar,Mexico,Regular,Arroz,Sur,ABYT057271,Atole mix,6.41E-10
2020,Apr,Mexico,Regular,Verde,Sur,206054370,Tamal mix,87.204516
2019,Jan,Mexico,Regular,Arroz,Sur,ABYT057271,Atole mix,-9.24E-14
2019,Mar,Mexico,Regular,Arroz,Sur,ABYT057271,Atole mix,2.11E-13
2019,May,Mexico,Regular,Arroz,Sur,ABYT057271,Atole mix,-7.36E-13
2019,Aug,Mexico,Regular,Arroz,Sur,ABYT057271,Atole mix,218287.8034
2020,Jun,Mexico,Regular,Arroz,Sur,ABYT057271,Atole mix,357839.7749
2020,Jan,Mexico,Regular,Arroz,Sur,ABYT057271,Atole mix,3400.667136
2019,May,Mexico,Regular,Arroz,Sur,ABYT057271,Atole mix,963.71952
2019,Nov,Mexico,Regular,Arroz,Sur,ABYT057271,Atole mix,13228.77496
2019,Jan,Mexico,Regular,Arroz,Sur,ABYT057271,Atole mix,27819.8277
2019,Sep,Mexico,Regular,Arroz,Sur,ABYT057271,Atole mix,4.01E-11
2019,Jan,Mexico,Regular,Mole,Sur,206051447,Tamal mix,1.27E-11
2019,Apr,Mexico,Regular,Mole,Sur,206051447,Tamal mix,10507.10099
2019,Jul,Mexico,Regular,Mole,Sur,206051447,Tamal mix,3.74E-11
2019,Jul,Mexico,Regular,Mole,Sur,206051447,Tamal mix,18770.23448
2019,Sep,Mexico,Regular,Mole,Sur,206051447,Tamal mix,40698.13937
2019,Sep,Mexico,Regular,Mole,Sur,206051447,Tamal mix,-4.82E-12
2019,Oct,Mexico,Regular,Mole,Sur,206051447,Tamal mix,30612.1921
2019,Nov,Mexico,Regular,Mole,Sur,206051447,Tamal mix,-1.08E-11
2020,Jun,Mexico,Regular,Mole,Sur,206051447,Tamal mix,1.94E-11
2019,Jan,Mexico,Regular,Dulce,Sur,206050084,Tamal mix,359750.2958
2019,Jan,Mexico,Regular,Dulce,Sur,206050084,Tamal mix,3.40E-12
2019,Jan,Mexico,Regular,Dulce,Sur,206050084,Tamal mix,848429.2889
2019,Mar,Mexico,Regular,Dulce,Sur,206050084,Tamal mix,5.81E-12
2019,Oct,Mexico,Regular,Dulce,Sur,206050084,Tamal mix,-4.55E-12
2019,Jan,Mexico,Regular,Arroz,Sur,ABYT057271,Atole mix,14.08947
2020,Feb,Mexico,Regular,Dulce,Sur,206050084,Tamal mix,58309.26353
2020,Feb,Mexico,Regular,Dulce,Sur,206050084,Tamal mix,43117.2898
2020,Feb,Mexico,Regular,Dulce,Sur,206050084,Tamal mix,2.78E-17
2020,Feb,Mexico,Regular,Dulce,Sur,206050084,Tamal mix,40213.40314
2020,Mar,Mexico,Regular,Dulce,Sur,206050084,Tamal mix,83937.38178
2020,Apr,Mexico,Regular,Dulce,Sur,206050084,Tamal mix,-2.91E-11
2020,May,Mexico,Regular,Dulce,Sur,206050084,Tamal mix,378756.341
2020,May,Mexico,Regular,Dulce,Sur,206050084,Tamal mix,-2.81E-09
2020,Jun,Mexico,Regular,Dulce,Sur,206050084,Tamal mix,-4.78E-09
2020,Aug,Mexico,Regular,Dulce,Sur,206050084,Tamal mix,29765.75414
2019,Dec,Mexico,Regular,Cajeta,Sur,ABYT055818,Atole mix,1782.392198
2019,Feb,Mexico,Regular,Dulce,Sur,206050084,Tamal mix,488.795496
2019,Feb,Mexico,Regular,Dulce,Sur,206050084,Tamal mix,-9.27E-12
2019,Feb,Mexico,Regular,Dulce,Sur,206050084,Tamal mix,-2.68E-11
2019,Mar,Mexico,Regular,Dulce,Sur,206050084,Tamal mix,99000.28144
2019,Apr,Mexico,Regular,Dulce,Sur,206050084,Tamal mix,-1.91E-12
2019,Jun,Mexico,Regular,Dulce,Sur,206050084,Tamal mix,48723.78549
2019,Jul,Mexico,Regular,Dulce,Sur,206050084,Tamal mix,1.53E-12
2019,Sep,Mexico,Regular,Dulce,Sur,206050084,Tamal mix,55433.74272
2019,Sep,Mexico,Regular,Dulce,Sur,206050084,Tamal mix,-5.11E-11
2019,Oct,Mexico,Regular,Dulce,Sur,206050084,Tamal mix,43357.57631
2019,Oct,Mexico,Regular,Dulce,Sur,206050084,Tamal mix,62552.47733
2019,Oct,Mexico,Regular,Dulce,Sur,206050084,Tamal mix,24259.47859
2019,Oct,Mexico,Regular,Dulce,Sur,206050084,Tamal mix,1.48E-11
2019,Nov,Mexico,Regular,Dulce,Sur,206050084,Tamal mix,81737.9945
2019,Nov,Mexico,Regular,Dulce,Sur,206050084,Tamal mix,41283.11298
2019,Nov,Mexico,Regular,Dulce,Sur,206050084,Tamal mix,2.57E-12
2019,Dec,Mexico,Regular,Dulce,Sur,206050084,Tamal mix,-5.72E-15
2019,Dec,Mexico,Regular,Dulce,Sur,206050084,Tamal mix,627880.4477
2019,Dec,Mexico,Regular,Dulce,Sur,206050084,Tamal mix,2.02E-13
2019,Dec,Mexico,Regular,Dulce,Sur,206050084,Tamal mix,2.21E-11
2019,Jan,Mexico,Regular,Arroz,Sur,ABYT057271,Atole mix,-6.94E-16
2019,May,Mexico,Regular,Arroz,Sur,ABYT057271,Atole mix,2879.537476
2019,Sep,Mexico,Regular,Arroz,Sur,ABYT057271,Atole mix,266066.9228
2020,May,Mexico,Regular,Arroz,Sur,ABYT057271,Atole mix,4.36E-10
2019,Jan,Mexico,Regular,Arroz,Sur,ABYT057271,Atole mix,-5.87E-13
2020,Jun,Mexico,Regular,Arroz,Sur,ABYT057271,Atole mix,2458.611228
2019,Jul,Mexico,Regular,Arroz,Sur,ABYT057271,Atole mix,6467.76897
2019,Apr,Mexico,Regular,Arroz,Sur,ABYT057271,Atole mix,3.10E-12
2020,Mar,Mexico,Regular,Arroz,Sur,ABYT057271,Atole mix,21347.48424
2019,May,Mexico,Regular,Arroz,Sur,ABYT057271,Atole mix,1.81E-12
2019,Jun,Mexico,Regular,Arroz,Sur,ABYT057271,Atole mix,213.455622
2019,Apr,Mexico,Regular,Verde,Sur,206054370,Tamal mix,2.25E-14
2020,Jul,Mexico,Regular,Verde,Sur,206054370,Tamal mix,-3.55E-15
2019,Jan,Mexico,Regular,Mole,Sur,206051447,Tamal mix,4.02E-13
2019,Feb,Mexico,Regular,Mole,Sur,206051447,Tamal mix,-1.51E-14
2019,Apr,Mexico,Regular,Mole,Sur,206051447,Tamal mix,-5.84E-13
2019,Jun,Mexico,Regular,Mole,Sur,206051447,Tamal mix,22730.18974
2019,Oct,Mexico,Regular,Mole,Sur,206051447,Tamal mix,3198.155962
2019,Oct,Mexico,Regular,Mole,Sur,206051447,Tamal mix,-7.55E-11
2019,Nov,Mexico,Regular,Mole,Sur,206051447,Tamal mix,0
2019,Dec,Mexico,Regular,Mole,Sur,206051447,Tamal mix,48088.77093
2020,Jan,Mexico,Regular,Mole,Sur,206051447,Tamal mix,5.00E-16
2020,Jan,Mexico,Regular,Mole,Sur,206051447,Tamal mix,1.57E-12
2020,Mar,Mexico,Regular,Mole,Sur,206051447,Tamal mix,-7.33E-12
2020,Apr,Mexico,Regular,Mole,Sur,206051447,Tamal mix,2.50E-10
2020,May,Mexico,Regular,Mole,Sur,206051447,Tamal mix,129678.9228
2020,May,Mexico,Regular,Mole,Sur,206051447,Tamal mix,0
2019,Jan,Mexico,Regular,Dulce,Sur,206050084,Tamal mix,79490.68345
2019,Jul,Mexico,Regular,Dulce,Sur,206050084,Tamal mix,1.97E-11
2019,Jul,Mexico,Regular,Arroz,Sur,ABYT057271,Atole mix,2.04E-12
2019,Oct,Mexico,Regular,Arroz,Sur,ABYT057271,Atole mix,15516.44934
2020,Jun,Mexico,Regular,Arroz,Sur,ABYT057271,Atole mix,-4.08E-12
2020,Feb,Mexico,Regular,Dulce,Sur,206050084,Tamal mix,21137.26654
2020,Mar,Mexico,Regular,Dulce,Sur,206050084,Tamal mix,45.766104
2020,Mar,Mexico,Regular,Dulce,Sur,206050084,Tamal mix,21032.42776
2020,Mar,Mexico,Regular,Dulce,Sur,206050084,Tamal mix,3.06E-10
2020,Mar,Mexico,Regular,Dulce,Sur,206050084,Tamal mix,1205474.691
2020,Apr,Mexico,Regular,Dulce,Sur,206050084,Tamal mix,31.135956
2020,Apr,Mexico,Regular,Dulce,Sur,206050084,Tamal mix,1238104.839
2020,May,Mexico,Regular,Dulce,Sur,206050084,Tamal mix,7.25E-11
2020,May,Mexico,Regular,Dulce,Sur,206050084,Tamal mix,24511.00694
2020,Jun,Mexico,Regular,Dulce,Sur,206050084,Tamal mix,1492257.859
2020,Jul,Mexico,Regular,Dulce,Sur,206050084,Tamal mix,69010.55997
2020,Aug,Mexico,Regular,Dulce,Sur,206050084,Tamal mix,296.388631
2020,Aug,Mexico,Regular,Dulce,Sur,206050084,Tamal mix,25122.88524
2020,Aug,Mexico,Regular,Dulce,Sur,206050084,Tamal mix,8422.201655
2019,Jan,Mexico,Regular,Cajeta,Sur,ABYT055818,Atole mix,5105.247835
2019,Oct,Mexico,Regular,Cajeta,Sur,ABYT055818,Atole mix,8.88E-15
2020,Jan,Mexico,Regular,Cajeta,Sur,ABYT055818,Atole mix,1.24E-14
2020,Feb,Mexico,Regular,Cajeta,Sur,ABYT055818,Atole mix,6.66E-16
2020,Jun,Mexico,Regular,Cajeta,Sur,ABYT055818,Atole mix,33.955695
2019,Feb,Mexico,Regular,Dulce,Sur,206050084,Tamal mix,3.03E-13
2019,Feb,Mexico,Regular,Dulce,Sur,206050084,Tamal mix,-3.47E-12
2019,Feb,Mexico,Regular,Dulce,Sur,206050084,Tamal mix,73205.891
2019,Mar,Mexico,Regular,Dulce,Sur,206050084,Tamal mix,2.79E-13
2019,Apr,Mexico,Regular,Dulce,Sur,206050084,Tamal mix,64724.54421
2019,May,Mexico,Regular,Dulce,Sur,206050084,Tamal mix,5.73E-14
2019,Jun,Mexico,Regular,Dulce,Sur,206050084,Tamal mix,57053.18461
2019,Jul,Mexico,Regular,Dulce,Sur,206050084,Tamal mix,94222.08676
2019,Jul,Mexico,Regular,Dulce,Sur,206050084,Tamal mix,496989.3699
2019,Jul,Mexico,Regular,Dulce,Sur,206050084,Tamal mix,83093.32352
2019,Aug,Mexico,Regular,Dulce,Sur,206050084,Tamal mix,6.43E-12
2019,Sep,Mexico,Regular,Dulce,Sur,206050084,Tamal mix,597346.283
2019,Sep,Mexico,Regular,Dulce,Sur,206050084,Tamal mix,76307.60537
2019,Oct,Mexico,Regular,Dulce,Sur,206050084,Tamal mix,-9.61E-12
2019,Oct,Mexico,Regular,Dulce,Sur,206050084,Tamal mix,57032.84981
2019,Oct,Mexico,Regular,Dulce,Sur,206050084,Tamal mix,2.84E-11
2019,Oct,Mexico,Regular,Dulce,Sur,206050084,Tamal mix,31181.03436
2019,Nov,Mexico,Regular,Dulce,Sur,206050084,Tamal mix,105.412092
2019,Nov,Mexico,Regular,Dulce,Sur,206050084,Tamal mix,43096.86064
2019,Nov,Mexico,Regular,Dulce,Sur,206050084,Tamal mix,5.33E-14
2019,Nov,Mexico,Regular,Dulce,Sur,206050084,Tamal mix,19148.05117
2019,Dec,Mexico,Regular,Dulce,Sur,206050084,Tamal mix,126480.2198
2019,Dec,Mexico,Regular,Dulce,Sur,206050084,Tamal mix,65947.3996
2019,Dec,Mexico,Regular,Dulce,Sur,206050084,Tamal mix,67923.57506
2019,Jan,Mexico,Regular,Arroz,Sur,ABYT057271,Atole mix,609.017773
2019,Mar,Mexico,Regular,Arroz,Sur,ABYT057271,Atole mix,8.47E-13
2019,May,Mexico,Regular,Arroz,Sur,ABYT057271,Atole mix,4242.694665
2019,Aug,Mexico,Regular,Arroz,Sur,ABYT057271,Atole mix,0.792533
2019,Sep,Mexico,Regular,Arroz,Sur,ABYT057271,Atole mix,-2.42E-10
2019,Nov,Mexico,Regular,Arroz,Sur,ABYT057271,Atole mix,1.19E-10
2019,Nov,Mexico,Regular,Verde,Sur,206054370,Tamal mix,9.30E-16
2020,Jan,Mexico,Regular,Verde,Sur,206054370,Tamal mix,1.27E-14
2020,Apr,Mexico,Low-Calorie,Verde,Sur,206054370,Tamal mix,22575.37202
2020,May,Mexico,Low-Calorie,Verde,Sur,206054370,Tamal mix,1955.68111
2019,Feb,Mexico,Regular,Mole,Sur,206051447,Tamal mix,-1.38E-12
2019,Mar,Mexico,Regular,Mole,Sur,206051447,Tamal mix,30159.91948
2019,Mar,Mexico,Regular,Mole,Sur,206051447,Tamal mix,-9.35E-13
2019,Mar,Mexico,Regular,Mole,Sur,206051447,Tamal mix,-4.62E-13
2019,Mar,Mexico,Regular,Mole,Sur,206051447,Tamal mix,124226.8276
2019,Apr,Mexico,Regular,Mole,Sur,206051447,Tamal mix,19352.27161
2019,May,Mexico,Regular,Mole,Sur,206051447,Tamal mix,8.12E-13
2019,May,Mexico,Regular,Mole,Sur,206051447,Tamal mix,-3.14E-13
2019,Aug,Mexico,Regular,Mole,Sur,206051447,Tamal mix,4.58E-12
2019,Aug,Mexico,Regular,Mole,Sur,206051447,Tamal mix,1.37E-13
2019,Oct,Mexico,Regular,Mole,Sur,206051447,Tamal mix,16158.68139
2019,Dec,Mexico,Regular,Mole,Sur,206051447,Tamal mix,152496.9902
2019,Dec,Mexico,Regular,Mole,Sur,206051447,Tamal mix,-6.52E-15
2020,Mar,Mexico,Regular,Mole,Sur,206051447,Tamal mix,1.87E-10
2020,May,Mexico,Regular,Mole,Sur,206051447,Tamal mix,-2.13E-12
2019,Jan,Mexico,Regular,Dulce,Sur,206050084,Tamal mix,85419.06203
2019,Jan,Mexico,Regular,Dulce,Sur,206050084,Tamal mix,62601.15411
2019,Jan,Mexico,Regular,Dulce,Sur,206050084,Tamal mix,20565.15317
2019,Feb,Mexico,Regular,Arroz,Sur,ABYT057271,Atole mix,7.99E-15
2019,Mar,Mexico,Regular,Arroz,Sur,ABYT057271,Atole mix,8.53E-14
2019,Jun,Mexico,Regular,Arroz,Sur,ABYT057271,Atole mix,246448.8999
2019,Aug,Mexico,Regular,Arroz,Sur,ABYT057271,Atole mix,75.290635
2019,Nov,Mexico,Regular,Arroz,Sur,ABYT057271,Atole mix,230469.3122
2019,Sep,Mexico,Regular,Arroz,Sur,ABYT057271,Atole mix,-2.58E-12
2020,Apr,Mexico,Regular,Arroz,Sur,ABYT057271,Atole mix,4523.247157
2020,Apr,Mexico,Regular,Arroz,Sur,ABYT057271,Atole mix,1.93E-12
2020,Jul,Mexico,Regular,Arroz,Sur,ABYT057271,Atole mix,71.85628
2019,Mar,Mexico,Regular,Arroz,Sur,ABYT057271,Atole mix,-6.41E-13
2019,Aug,Mexico,Regular,Arroz,Sur,ABYT057271,Atole mix,12704.4735
2019,Nov,Mexico,Regular,Arroz,Sur,ABYT057271,Atole mix,-2.16E-13
2020,Jan,Mexico,Regular,Arroz,Sur,ABYT057271,Atole mix,6820.531522
2019,Apr,Mexico,Regular,Arroz,Sur,ABYT057271,Atole mix,28024.29791
2019,Jan,Mexico,Regular,Arroz,Sur,ABYT057271,Atole mix,73.018661
2019,Apr,Mexico,Regular,Arroz,Sur,ABYT057271,Atole mix,0.739697
2019,Sep,Mexico,Regular,Arroz,Sur,ABYT057271,Atole mix,1.08E-11
2020,Jan,Mexico,Regular,Arroz,Sur,ABYT057271,Atole mix,-1.46E-11
2020,Jan,Mexico,Regular,Dulce,Sur,206050084,Tamal mix,-3.51E-12
2020,Jan,Mexico,Regular,Dulce,Sur,206050084,Tamal mix,339541.5121
2020,Jan,Mexico,Regular,Dulce,Sur,206050084,Tamal mix,-6.83E-11
2020,Mar,Mexico,Regular,Dulce,Sur,206050084,Tamal mix,369000.4024
2020,Mar,Mexico,Regular,Dulce,Sur,206050084,Tamal mix,-6.94E-17
2020,Apr,Mexico,Regular,Dulce,Sur,206050084,Tamal mix,91403.66261
2020,Apr,Mexico,Regular,Dulce,Sur,206050084,Tamal mix,13986.56309
2020,May,Mexico,Regular,Dulce,Sur,206050084,Tamal mix,-1.08E-11
2020,Jul,Mexico,Regular,Dulce,Sur,206050084,Tamal mix,44101.23503
2020,Jul,Mexico,Regular,Dulce,Sur,206050084,Tamal mix,15375.44751
2020,Jul,Mexico,Regular,Dulce,Sur,206050084,Tamal mix,4.05E-11
2020,Aug,Mexico,Regular,Dulce,Sur,206050084,Tamal mix,28310.46817
2020,Aug,Mexico,Regular,Dulce,Sur,206050084,Tamal mix,5860.675808
2019,Apr,Mexico,Regular,Cajeta,Sur,ABYT055818,Atole mix,3474.198303
2020,Feb,Mexico,Regular,Cajeta,Sur,ABYT055818,Atole mix,38.675586
2019,Apr,Mexico,Regular,Dulce,Sur,206050084,Tamal mix,1.69E-12
2019,Apr,Mexico,Regular,Dulce,Sur,206050084,Tamal mix,1.26E-10
2019,May,Mexico,Regular,Dulce,Sur,206050084,Tamal mix,93781.29661
2019,May,Mexico,Regular,Dulce,Sur,206050084,Tamal mix,2.55E-12
2019,May,Mexico,Regular,Dulce,Sur,206050084,Tamal mix,67633.13849
2019,May,Mexico,Regular,Dulce,Sur,206050084,Tamal mix,-1.42E-12
2019,Jul,Mexico,Regular,Dulce,Sur,206050084,Tamal mix,1262478.383
2019,Aug,Mexico,Regular,Dulce,Sur,206050084,Tamal mix,-3.43E-14
2019,Aug,Mexico,Regular,Dulce,Sur,206050084,Tamal mix,75692.13836
2019,Aug,Mexico,Regular,Dulce,Sur,206050084,Tamal mix,44960.20431
2019,Sep,Mexico,Regular,Dulce,Sur,206050084,Tamal mix,4.93E-09
2019,Sep,Mexico,Regular,Dulce,Sur,206050084,Tamal mix,-2.42E-11
2019,Oct,Mexico,Regular,Dulce,Sur,206050084,Tamal mix,3128.9202
2019,Oct,Mexico,Regular,Dulce,Sur,206050084,Tamal mix,-1.08E-09
2019,Nov,Mexico,Regular,Dulce,Sur,206050084,Tamal mix,1.49E-11
2019,Nov,Mexico,Regular,Dulce,Sur,206050084,Tamal mix,-1.13E-12
2019,Nov,Mexico,Regular,Dulce,Sur,206050084,Tamal mix,61402.30603
2019,Nov,Mexico,Regular,Dulce,Sur,206050084,Tamal mix,944254.9218
2019,Dec,Mexico,Regular,Dulce,Sur,206050084,Tamal mix,1.67E-12
2019,Dec,Mexico,Regular,Dulce,Sur,206050084,Tamal mix,509063.1195
2019,Mar,Mexico,Regular,Arroz,Sur,ABYT057271,Atole mix,4.97E-14
2019,Jun,Mexico,Regular,Arroz,Sur,ABYT057271,Atole mix,1.41E-10
2019,May,Mexico,Regular,Arroz,Sur,ABYT057271,Atole mix,18.069741
2020,May,Mexico,Regular,Verde,Sur,206054370,Tamal mix,-4.66E-15
2020,Jun,Mexico,Regular,Verde,Sur,206054370,Tamal mix,99.12426
2019,Apr,Mexico,Regular,Arroz,Sur,ABYT057271,Atole mix,4564.9872
2019,Apr,Mexico,Regular,Arroz,Sur,ABYT057271,Atole mix,-1.23E-10
2019,May,Mexico,Regular,Arroz,Sur,ABYT057271,Atole mix,186887.7788
2019,Jun,Mexico,Regular,Arroz,Sur,ABYT057271,Atole mix,183.867714
2019,Feb,Mexico,Regular,Arroz,Sur,ABYT057271,Atole mix,-1.91E-14
2019,Feb,Mexico,Regular,Arroz,Sur,ABYT057271,Atole mix,1.24E-14
2019,May,Mexico,Regular,Arroz,Sur,ABYT057271,Atole mix,4964.596879
2019,Sep,Mexico,Regular,Arroz,Sur,ABYT057271,Atole mix,-2.76E-12
2019,Oct,Mexico,Regular,Arroz,Sur,ABYT057271,Atole mix,-2.50E-12
2020,May,Mexico,Regular,Arroz,Sur,ABYT057271,Atole mix,12966.53652
2020,Jun,Mexico,Regular,Arroz,Sur,ABYT057271,Atole mix,10263.81894
2019,Feb,Mexico,Regular,Arroz,Sur,ABYT057271,Atole mix,1.87E-14
2019,Jul,Mexico,Regular,Arroz,Sur,ABYT057271,Atole mix,31051.95383
2019,Aug,Mexico,Regular,Arroz,Sur,ABYT057271,Atole mix,9.90E-13
2020,Jun,Mexico,Low-Calorie,Verde,Sur,206054370,Tamal mix,5.707503
2019,Jan,Mexico,Regular,Mole,Sur,206051447,Tamal mix,94865.08354
2019,Jun,Mexico,Regular,Mole,Sur,206051447,Tamal mix,140427.777
2019,Jun,Mexico,Regular,Mole,Sur,206051447,Tamal mix,-6.07E-12
2019,Sep,Mexico,Regular,Mole,Sur,206051447,Tamal mix,5.61E-11
2019,Dec,Mexico,Regular,Mole,Sur,206051447,Tamal mix,3122.598768
2019,Dec,Mexico,Regular,Mole,Sur,206051447,Tamal mix,-4.91E-13
2019,Dec,Mexico,Regular,Mole,Sur,206051447,Tamal mix,-4.33E-13
2020,Jan,Mexico,Regular,Mole,Sur,206051447,Tamal mix,5.21E-11
2020,Jan,Mexico,Regular,Mole,Sur,206051447,Tamal mix,-5.49E-11
2020,Jun,Mexico,Regular,Mole,Sur,206051447,Tamal mix,4.438182
2020,Jul,Mexico,Regular,Mole,Sur,206051447,Tamal mix,38550.19858
2020,Aug,Mexico,Regular,Mole,Sur,206051447,Tamal mix,44095.97995
2019,Jan,Mexico,Regular,Dulce,Sur,206050084,Tamal mix,30258.23099
2019,Jan,Mexico,Regular,Dulce,Sur,206050084,Tamal mix,33338.50476
2019,Jan,Mexico,Regular,Dulce,Sur,206050084,Tamal mix,-1.91E-14
2020,May,Mexico,Regular,Mole,Sur,206051447,Tamal mix,38102.8582
2019,Aug,Mexico,Regular,Dulce,Sur,206050084,Tamal mix,2.92E-11
2020,Jun,Mexico,Regular,Dulce,Sur,206050084,Tamal mix,19652.2676
2019,May,Mexico,Regular,Arroz,Sur,ABYT057271,Atole mix,-2.65E-13
2019,Jun,Mexico,Regular,Arroz,Sur,ABYT057271,Atole mix,2.219091
2020,Apr,Mexico,Regular,Arroz,Sur,ABYT057271,Atole mix,1.58E-11
2020,Feb,Mexico,Regular,Dulce,Sur,206050084,Tamal mix,39872.64291
2020,Feb,Mexico,Regular,Dulce,Sur,206050084,Tamal mix,-2.06E-12
2020,Feb,Mexico,Regular,Dulce,Sur,206050084,Tamal mix,11.754136
2020,Mar,Mexico,Regular,Dulce,Sur,206050084,Tamal mix,3.74E-11
2020,Mar,Mexico,Regular,Dulce,Sur,206050084,Tamal mix,535328.0509
2020,Mar,Mexico,Regular,Dulce,Sur,206050084,Tamal mix,-3.31E-11
2020,Mar,Mexico,Regular,Dulce,Sur,206050084,Tamal mix,0
2020,Mar,Mexico,Regular,Dulce,Sur,206050084,Tamal mix,96814.45144
2020,Apr,Mexico,Regular,Dulce,Sur,206050084,Tamal mix,21757.46693
2020,Jun,Mexico,Regular,Dulce,Sur,206050084,Tamal mix,2.84E-14
2020,Jun,Mexico,Regular,Dulce,Sur,206050084,Tamal mix,34141.60362
2020,Aug,Mexico,Regular,Dulce,Sur,206050084,Tamal mix,17929.40991
2020,Aug,Mexico,Regular,Dulce,Sur,206050084,Tamal mix,258153.0597
2020,Aug,Mexico,Regular,Dulce,Sur,206050084,Tamal mix,111234.6044
2019,Feb,Mexico,Regular,Arroz,Sur,ABYT057271,Atole mix,4.22E-11
2019,Feb,Mexico,Regular,Arroz,Sur,ABYT057271,Atole mix,1210.990424
2019,Apr,Mexico,Regular,Arroz,Sur,ABYT057271,Atole mix,1.03E-13
2019,Jul,Mexico,Regular,Arroz,Sur,ABYT057271,Atole mix,-8.88E-16
2019,Sep,Mexico,Regular,Arroz,Sur,ABYT057271,Atole mix,1.18E-14
2020,Jan,Mexico,Regular,Arroz,Sur,ABYT057271,Atole mix,5.89E-10
2020,Aug,Mexico,Regular,Arroz,Sur,ABYT057271,Atole mix,105824.6118
2020,Mar,Mexico,Regular,Arroz,Sur,ABYT057271,Atole mix,20666.255
2019,Nov,Mexico,Regular,Arroz,Sur,ABYT057271,Atole mix,-2.31E-12
2019,Dec,Mexico,Regular,Cajeta,Sur,ABYT055818,Atole mix,184.607237
2020,Mar,Mexico,Regular,Cajeta,Sur,ABYT055818,Atole mix,3.80E-13
2019,Feb,Mexico,Regular,Dulce,Sur,206050084,Tamal mix,59961.42389
2019,Feb,Mexico,Regular,Dulce,Sur,206050084,Tamal mix,21560.06676
2019,Mar,Mexico,Regular,Dulce,Sur,206050084,Tamal mix,610.152198
2019,Mar,Mexico,Regular,Dulce,Sur,206050084,Tamal mix,2.96E-14
2019,Mar,Mexico,Regular,Dulce,Sur,206050084,Tamal mix,-3.29E-11
2019,Mar,Mexico,Regular,Dulce,Sur,206050084,Tamal mix,-8.25E-11
2019,Mar,Mexico,Regular,Dulce,Sur,206050084,Tamal mix,54142.61249
2019,Apr,Mexico,Regular,Dulce,Sur,206050084,Tamal mix,49607.57947
2019,Jul,Mexico,Regular,Dulce,Sur,206050084,Tamal mix,7.43E-12
2019,Jul,Mexico,Regular,Dulce,Sur,206050084,Tamal mix,1.44E-10
2019,Jul,Mexico,Regular,Dulce,Sur,206050084,Tamal mix,4.18E-09
2019,Aug,Mexico,Regular,Dulce,Sur,206050084,Tamal mix,2.66E-13
2019,Aug,Mexico,Regular,Dulce,Sur,206050084,Tamal mix,74956.2946
2019,Oct,Mexico,Regular,Dulce,Sur,206050084,Tamal mix,290820.0466
2019,Oct,Mexico,Regular,Dulce,Sur,206050084,Tamal mix,980513.2837
2019,Nov,Mexico,Regular,Dulce,Sur,206050084,Tamal mix,-4.15E-11
2019,Dec,Mexico,Regular,Dulce,Sur,206050084,Tamal mix,-1.59E-11
2020,Jul,Mexico,Regular,Arroz,Sur,ABYT057271,Atole mix,23866.32159
2019,Feb,Mexico,Regular,Arroz,Sur,ABYT057271,Atole mix,20269.81122
2019,Feb,Mexico,Regular,Arroz,Sur,ABYT057271,Atole mix,4.226844
2019,Feb,Mexico,Regular,Arroz,Sur,ABYT057271,Atole mix,412359.2226
2019,Apr,Mexico,Regular,Arroz,Sur,ABYT057271,Atole mix,16212.04482
2019,Aug,Mexico,Regular,Arroz,Sur,ABYT057271,Atole mix,473484.4604
2020,Apr,Mexico,Regular,Arroz,Sur,ABYT057271,Atole mix,-9.82E-10
2020,Aug,Mexico,Regular,Arroz,Sur,ABYT057271,Atole mix,295105.7486
2019,Jan,Mexico,Regular,Arroz,Sur,ABYT057271,Atole mix,314.086336
2019,Feb,Mexico,Regular,Arroz,Sur,ABYT057271,Atole mix,733.285309
2019,Mar,Mexico,Regular,Verde,Sur,206054370,Tamal mix,3.41E-15
2019,Dec,Mexico,Regular,Verde,Sur,206054370,Tamal mix,143.368032
2020,Mar,Mexico,Regular,Verde,Sur,206054370,Tamal mix,127.019772
2020,Apr,Mexico,Low-Calorie,Verde,Sur,206054370,Tamal mix,-1.59E-11
2019,Jan,Mexico,Regular,Mole,Sur,206051447,Tamal mix,-8.95E-14
2019,Feb,Mexico,Regular,Mole,Sur,206051447,Tamal mix,103864.5543
2019,Feb,Mexico,Regular,Mole,Sur,206051447,Tamal mix,16523.88036
2019,Apr,Mexico,Regular,Mole,Sur,206051447,Tamal mix,-8.98E-13
2019,Aug,Mexico,Regular,Mole,Sur,206051447,Tamal mix,109479.3828
2019,Oct,Mexico,Regular,Mole,Sur,206051447,Tamal mix,99821.58179
2019,Nov,Mexico,Regular,Mole,Sur,206051447,Tamal mix,100580.2996
2020,Feb,Mexico,Regular,Mole,Sur,206051447,Tamal mix,5.877068
2020,Jun,Mexico,Regular,Mole,Sur,206051447,Tamal mix,1.95E-14
2019,Jan,Mexico,Regular,Dulce,Sur,206050084,Tamal mix,-4.84E-13
2019,Jan,Mexico,Regular,Dulce,Sur,206050084,Tamal mix,35129.04932
2019,Jun,Mexico,Regular,Dulce,Sur,206050084,Tamal mix,136966.7187
2019,Dec,Mexico,Regular,Dulce,Sur,206050084,Tamal mix,115491.3096
2020,Jul,Mexico,Regular,Dulce,Sur,206050084,Tamal mix,8.41E-12
2019,Feb,Mexico,Regular,Arroz,Sur,ABYT057271,Atole mix,14341.10325
2019,Apr,Mexico,Regular,Arroz,Sur,ABYT057271,Atole mix,0
2019,Jun,Mexico,Regular,Arroz,Sur,ABYT057271,Atole mix,2.14E-12
2019,Dec,Mexico,Regular,Arroz,Sur,ABYT057271,Atole mix,-4.53E-12
2020,Apr,Mexico,Regular,Arroz,Sur,ABYT057271,Atole mix,9806.186329
2019,Dec,Mexico,Regular,Dulce,Sur,206050084,Tamal mix,37339.07815
2020,Jan,Mexico,Regular,Dulce,Sur,206050084,Tamal mix,72492.30847
2020,Jan,Mexico,Regular,Dulce,Sur,206050084,Tamal mix,1.53E-13
2020,Jan,Mexico,Regular,Dulce,Sur,206050084,Tamal mix,-9.10E-11
2020,Mar,Mexico,Regular,Dulce,Sur,206050084,Tamal mix,1.12E-11
2020,Mar,Mexico,Regular,Dulce,Sur,206050084,Tamal mix,28249.09179
2020,Mar,Mexico,Regular,Dulce,Sur,206050084,Tamal mix,-2.57E-11
2020,Mar,Mexico,Regular,Dulce,Sur,206050084,Tamal mix,3.41E-12
2020,Apr,Mexico,Regular,Dulce,Sur,206050084,Tamal mix,9.46E-11
2020,May,Mexico,Regular,Dulce,Sur,206050084,Tamal mix,-2.18E-11
2020,Jun,Mexico,Regular,Dulce,Sur,206050084,Tamal mix,523.071491
2020,Jun,Mexico,Regular,Dulce,Sur,206050084,Tamal mix,48191.98331
2020,Jun,Mexico,Regular,Dulce,Sur,206050084,Tamal mix,5.64E-12
2020,Jul,Mexico,Regular,Dulce,Sur,206050084,Tamal mix,419481.7039
2020,Jul,Mexico,Regular,Dulce,Sur,206050084,Tamal mix,-3.03E-09
2020,Aug,Mexico,Regular,Dulce,Sur,206050084,Tamal mix,33469.26189
2020,Aug,Mexico,Regular,Dulce,Sur,206050084,Tamal mix,25278.61662
2020,Aug,Mexico,Regular,Dulce,Sur,206050084,Tamal mix,43123.33507
2019,Feb,Mexico,Regular,Cajeta,Sur,ABYT055818,Atole mix,4882.24673
2019,May,Mexico,Regular,Cajeta,Sur,ABYT055818,Atole mix,3656.181413
2019,Oct,Mexico,Regular,Cajeta,Sur,ABYT055818,Atole mix,-2.27E-13
2020,Mar,Mexico,Regular,Cajeta,Sur,ABYT055818,Atole mix,1027.12455
2020,Jun,Mexico,Regular,Cajeta,Sur,ABYT055818,Atole mix,-2.48E-13
2020,Jul,Mexico,Regular,Cajeta,Sur,ABYT055818,Atole mix,14.230395
2019,Dec,Mexico,Regular,Arroz,Sur,ABYT057271,Atole mix,3.33E-11
2019,Mar,Mexico,Regular,Arroz,Sur,ABYT057271,Atole mix,6628.905614
2019,Aug,Mexico,Regular,Arroz,Sur,ABYT057271,Atole mix,5661.152637
2019,Dec,Mexico,Regular,Arroz,Sur,ABYT057271,Atole mix,5674.177646
2019,Apr,Mexico,Regular,Arroz,Sur,ABYT057271,Atole mix,4708.699761
2020,Feb,Mexico,Regular,Arroz,Sur,ABYT057271,Atole mix,-6.58E-12
2020,Mar,Mexico,Regular,Arroz,Sur,ABYT057271,Atole mix,-4.73E-12
2019,Jan,Mexico,Regular,Arroz,Sur,ABYT057271,Atole mix,1183.5152
2019,Mar,Mexico,Regular,Arroz,Sur,ABYT057271,Atole mix,38199.18098
2019,Mar,Mexico,Regular,Arroz,Sur,ABYT057271,Atole mix,1.19E-11
2019,Apr,Mexico,Regular,Arroz,Sur,ABYT057271,Atole mix,1521.6624
2019,Oct,Mexico,Regular,Arroz,Sur,ABYT057271,Atole mix,28381.64448
2019,Feb,Mexico,Regular,Dulce,Sur,206050084,Tamal mix,8.47E-12
2019,Feb,Mexico,Regular,Dulce,Sur,206050084,Tamal mix,4.61E-12
2019,Feb,Mexico,Regular,Dulce,Sur,206050084,Tamal mix,-1.53E-10
2019,Mar,Mexico,Regular,Dulce,Sur,206050084,Tamal mix,-1.96E-12
2019,Mar,Mexico,Regular,Dulce,Sur,206050084,Tamal mix,28810.41084
2019,Apr,Mexico,Regular,Dulce,Sur,206050084,Tamal mix,90109.76809
2019,Apr,Mexico,Regular,Dulce,Sur,206050084,Tamal mix,1.52E-10
2019,May,Mexico,Regular,Dulce,Sur,206050084,Tamal mix,3.96E-12
2019,Jul,Mexico,Regular,Dulce,Sur,206050084,Tamal mix,2.55E-14
2019,Jul,Mexico,Regular,Dulce,Sur,206050084,Tamal mix,50144.63127
2019,Jul,Mexico,Regular,Dulce,Sur,206050084,Tamal mix,50221.29543
2019,Jul,Mexico,Regular,Dulce,Sur,206050084,Tamal mix,1.01E-12
2019,Aug,Mexico,Regular,Dulce,Sur,206050084,Tamal mix,-3.40E-11
2019,Sep,Mexico,Regular,Dulce,Sur,206050084,Tamal mix,5.53E-12
2019,Oct,Mexico,Regular,Dulce,Sur,206050084,Tamal mix,183.439548
2019,Oct,Mexico,Regular,Dulce,Sur,206050084,Tamal mix,3.41E-11
2019,Oct,Mexico,Regular,Dulce,Sur,206050084,Tamal mix,38581.19668
2019,Oct,Mexico,Regular,Dulce,Sur,206050084,Tamal mix,51270.9838
2019,Oct,Mexico,Regular,Dulce,Sur,206050084,Tamal mix,5.23E-11
2019,Nov,Mexico,Regular,Dulce,Sur,206050084,Tamal mix,1.19E-12
2019,Dec,Mexico,Regular,Dulce,Sur,206050084,Tamal mix,4.18E-11
2020,Aug,Mexico,Regular,Arroz,Sur,ABYT057271,Atole mix,18400.04189
2019,Apr,Mexico,Regular,Arroz,Sur,ABYT057271,Atole mix,386208.8414
2020,Apr,Mexico,Regular,Arroz,Sur,ABYT057271,Atole mix,481838.0752
2019,Mar,Mexico,Regular,Arroz,Sur,ABYT057271,Atole mix,1433.522959
2019,Jul,Mexico,Regular,Verde,Sur,206054370,Tamal mix,3.55E-15
2020,Jan,Mexico,Regular,Verde,Sur,206054370,Tamal mix,80.954928
2020,Jun,Mexico,Regular,Verde,Sur,206054370,Tamal mix,-3.25E-15
2020,Aug,Mexico,Regular,Verde,Sur,206054370,Tamal mix,57.774799
2019,Feb,Mexico,Regular,Mole,Sur,206051447,Tamal mix,24618.53093
2019,Feb,Mexico,Regular,Mole,Sur,206051447,Tamal mix,2.40E-12
2019,Sep,Mexico,Regular,Mole,Sur,206051447,Tamal mix,-1.81E-10
2019,Dec,Mexico,Regular,Mole,Sur,206051447,Tamal mix,3.11E-11
2019,Dec,Mexico,Regular,Mole,Sur,206051447,Tamal mix,-3.62E-13
2020,Jan,Mexico,Regular,Mole,Sur,206051447,Tamal mix,26192.32524
2020,Jan,Mexico,Regular,Mole,Sur,206051447,Tamal mix,7982.12416
2020,Feb,Mexico,Regular,Mole,Sur,206051447,Tamal mix,1.10E-11
2020,Feb,Mexico,Regular,Mole,Sur,206051447,Tamal mix,-2.03E-12
2020,Mar,Mexico,Regular,Mole,Sur,206051447,Tamal mix,0
2020,Apr,Mexico,Regular,Mole,Sur,206051447,Tamal mix,10812.31082
2020,May,Mexico,Regular,Mole,Sur,206051447,Tamal mix,87791.4668
2020,May,Mexico,Regular,Mole,Sur,206051447,Tamal mix,-1.34E-11
2019,Jan,Mexico,Regular,Dulce,Sur,206050084,Tamal mix,37440.89323
2019,Jan,Mexico,Regular,Dulce,Sur,206050084,Tamal mix,1.14E-10
2019,Jan,Mexico,Regular,Dulce,Sur,206050084,Tamal mix,2.93E-10
2019,Sep,Mexico,Regular,Dulce,Sur,206050084,Tamal mix,94854.7167
2019,Dec,Mexico,Regular,Dulce,Sur,206050084,Tamal mix,83431.03817
2020,Jan,Mexico,Regular,Dulce,Sur,206050084,Tamal mix,35.262408
2020,Feb,Mexico,Regular,Dulce,Sur,206050084,Tamal mix,-1.84E-12
2020,Feb,Mexico,Regular,Dulce,Sur,206050084,Tamal mix,53.643876
2020,Feb,Mexico,Regular,Dulce,Sur,206050084,Tamal mix,5.46E-09
2020,Mar,Mexico,Regular,Dulce,Sur,206050084,Tamal mix,87374.6388
2020,Mar,Mexico,Regular,Dulce,Sur,206050084,Tamal mix,47401.20513
2020,May,Mexico,Regular,Dulce,Sur,206050084,Tamal mix,-5.40E-11
2020,May,Mexico,Regular,Dulce,Sur,206050084,Tamal mix,2.55E-11
2020,May,Mexico,Regular,Dulce,Sur,206050084,Tamal mix,1292321.987
2020,Jun,Mexico,Regular,Dulce,Sur,206050084,Tamal mix,-2.42E-11
2020,Jun,Mexico,Regular,Dulce,Sur,206050084,Tamal mix,-6.84E-12
2019,Jul,Mexico,Regular,Cajeta,Sur,ABYT055818,Atole mix,-2.05E-13
2020,Mar,Mexico,Regular,Cajeta,Sur,ABYT055818,Atole mix,8.665022
2020,May,Mexico,Regular,Cajeta,Sur,ABYT055818,Atole mix,558.78957
2019,Jan,Mexico,Regular,Arroz,Sur,ABYT057271,Atole mix,10478.33636
2019,Jan,Mexico,Regular,Arroz,Sur,ABYT057271,Atole mix,-6.22E-14
2019,Feb,Mexico,Regular,Arroz,Sur,ABYT057271,Atole mix,7.11E-14
2019,Apr,Mexico,Regular,Arroz,Sur,ABYT057271,Atole mix,5516.912016
2019,Apr,Mexico,Regular,Arroz,Sur,ABYT057271,Atole mix,4.09E-14
2019,Jun,Mexico,Regular,Arroz,Sur,ABYT057271,Atole mix,-9.24E-14
2019,Aug,Mexico,Regular,Arroz,Sur,ABYT057271,Atole mix,0
2020,Jun,Mexico,Regular,Arroz,Sur,ABYT057271,Atole mix,1.33E-09
2020,Feb,Mexico,Regular,Verde,Sur,206054370,Tamal mix,105.911892
2020,Jul,Mexico,Regular,Verde,Sur,206054370,Tamal mix,80.375496
2020,Mar,Mexico,Low-Calorie,Verde,Sur,206054370,Tamal mix,27167.42965
2019,Feb,Mexico,Regular,Mole,Sur,206051447,Tamal mix,8618.419949
2019,Mar,Mexico,Regular,Mole,Sur,206051447,Tamal mix,43015.85726
2019,Mar,Mexico,Regular,Mole,Sur,206051447,Tamal mix,23228.49608
2019,Apr,Mexico,Regular,Mole,Sur,206051447,Tamal mix,124415.4503
2019,Jun,Mexico,Regular,Mole,Sur,206051447,Tamal mix,-3.41E-13
2019,Aug,Mexico,Regular,Mole,Sur,206051447,Tamal mix,12607.87955
2019,Sep,Mexico,Regular,Mole,Sur,206051447,Tamal mix,-4.66E-13
2019,Oct,Mexico,Regular,Mole,Sur,206051447,Tamal mix,-4.27E-11
2019,Oct,Mexico,Regular,Mole,Sur,206051447,Tamal mix,68216.97076
2019,Dec,Mexico,Regular,Mole,Sur,206051447,Tamal mix,-1.53E-11
2019,Dec,Mexico,Regular,Mole,Sur,206051447,Tamal mix,560.224694
2020,Jan,Mexico,Regular,Mole,Sur,206051447,Tamal mix,-2.79E-12
2020,Feb,Mexico,Regular,Mole,Sur,206051447,Tamal mix,0
2020,Mar,Mexico,Regular,Mole,Sur,206051447,Tamal mix,120653.5627
2020,Mar,Mexico,Regular,Mole,Sur,206051447,Tamal mix,16295.6311
2020,Apr,Mexico,Regular,Mole,Sur,206051447,Tamal mix,1.00E-11
2020,Jun,Mexico,Regular,Mole,Sur,206051447,Tamal mix,155634.3622
2020,Jul,Mexico,Regular,Mole,Sur,206051447,Tamal mix,2.73E-11
2020,Jul,Mexico,Regular,Mole,Sur,206051447,Tamal mix,-3.58E-12
2020,Jul,Mexico,Regular,Mole,Sur,206051447,Tamal mix,-5.46E-12
2020,Aug,Mexico,Regular,Mole,Sur,206051447,Tamal mix,24117.65212
2019,Jan,Mexico,Regular,Dulce,Sur,206050084,Tamal mix,-3.59E-12
2020,Feb,Mexico,Regular,Dulce,Sur,206050084,Tamal mix,8.42E-11
2019,Jan,Mexico,Regular,Arroz,Sur,ABYT057271,Atole mix,176264.2136
2019,Feb,Mexico,Regular,Arroz,Sur,ABYT057271,Atole mix,9.510399
2020,Mar,Mexico,Regular,Arroz,Sur,ABYT057271,Atole mix,307982.0214
2019,Dec,Mexico,Regular,Arroz,Sur,ABYT057271,Atole mix,2.07E-13
2019,Feb,Mexico,Regular,Arroz,Sur,ABYT057271,Atole mix,5285.132951
2019,Jun,Mexico,Regular,Arroz,Sur,ABYT057271,Atole mix,-3.40E-13
2019,Dec,Mexico,Regular,Arroz,Sur,ABYT057271,Atole mix,6.74E-13
2020,Jan,Mexico,Regular,Arroz,Sur,ABYT057271,Atole mix,1.01E-13
2019,Mar,Mexico,Regular,Dulce,Sur,206050084,Tamal mix,582393.6003
2019,Mar,Mexico,Regular,Dulce,Sur,206050084,Tamal mix,-3.83E-12
2019,Mar,Mexico,Regular,Dulce,Sur,206050084,Tamal mix,-3.41E-12
2019,Apr,Mexico,Regular,Dulce,Sur,206050084,Tamal mix,351.498684
2019,Apr,Mexico,Regular,Dulce,Sur,206050084,Tamal mix,3.06E-14
2019,Apr,Mexico,Regular,Dulce,Sur,206050084,Tamal mix,36334.29602
2019,Jun,Mexico,Regular,Dulce,Sur,206050084,Tamal mix,93939.42665
2019,Jun,Mexico,Regular,Dulce,Sur,206050084,Tamal mix,427655.9228
2019,Jul,Mexico,Regular,Dulce,Sur,206050084,Tamal mix,45973.23722
2019,Aug,Mexico,Regular,Dulce,Sur,206050084,Tamal mix,-1.83E-11
2019,Sep,Mexico,Regular,Dulce,Sur,206050084,Tamal mix,-1.05E-11
2019,Sep,Mexico,Regular,Dulce,Sur,206050084,Tamal mix,80020.33158
2019,Sep,Mexico,Regular,Dulce,Sur,206050084,Tamal mix,56267.54621
2019,Oct,Mexico,Regular,Dulce,Sur,206050084,Tamal mix,78157.68143
2019,Oct,Mexico,Regular,Dulce,Sur,206050084,Tamal mix,6396.311448
2019,Oct,Mexico,Regular,Dulce,Sur,206050084,Tamal mix,1.14E-12
2019,Dec,Mexico,Regular,Dulce,Sur,206050084,Tamal mix,2.00E-12
2019,Dec,Mexico,Regular,Dulce,Sur,206050084,Tamal mix,88.718718
2019,Dec,Mexico,Regular,Dulce,Sur,206050084,Tamal mix,2.82E-13
2019,Dec,Mexico,Regular,Dulce,Sur,206050084,Tamal mix,27055.88894
2019,Mar,Mexico,Regular,Arroz,Sur,ABYT057271,Atole mix,-2.66E-12
2019,Nov,Mexico,Regular,Arroz,Sur,ABYT057271,Atole mix,1.01E-11
2020,Mar,Mexico,Regular,Arroz,Sur,ABYT057271,Atole mix,15092.63718
2020,Jan,Mexico,Regular,Dulce,Sur,206050084,Tamal mix,4.44E-11
2020,Jan,Mexico,Regular,Dulce,Sur,206050084,Tamal mix,4.92E-10
2020,Jan,Mexico,Regular,Dulce,Sur,206050084,Tamal mix,55180.86785
2020,Jan,Mexico,Regular,Dulce,Sur,206050084,Tamal mix,-4.20E-11
2020,Jan,Mexico,Regular,Dulce,Sur,206050084,Tamal mix,61662.4971
2020,Jan,Mexico,Regular,Dulce,Sur,206050084,Tamal mix,31653.75635
2020,Feb,Mexico,Regular,Dulce,Sur,206050084,Tamal mix,7.11E-15
2020,Apr,Mexico,Regular,Dulce,Sur,206050084,Tamal mix,-8.64E-11
2020,Apr,Mexico,Regular,Dulce,Sur,206050084,Tamal mix,42371.43761
2020,Apr,Mexico,Regular,Dulce,Sur,206050084,Tamal mix,-2.80E-11
2020,May,Mexico,Regular,Dulce,Sur,206050084,Tamal mix,0
2020,May,Mexico,Regular,Dulce,Sur,206050084,Tamal mix,21412.72138
2020,Jun,Mexico,Regular,Dulce,Sur,206050084,Tamal mix,-1.85E-12
2020,Jun,Mexico,Regular,Dulce,Sur,206050084,Tamal mix,32339.25191
2020,Jul,Mexico,Regular,Dulce,Sur,206050084,Tamal mix,-2.87E-09
2020,Aug,Mexico,Regular,Dulce,Sur,206050084,Tamal mix,31681.21035
2020,Aug,Mexico,Regular,Dulce,Sur,206050084,Tamal mix,42927.57475
2019,Jan,Mexico,Regular,Arroz,Sur,ABYT057271,Atole mix,-2.70E-13
2019,Apr,Mexico,Regular,Arroz,Sur,ABYT057271,Atole mix,42477.52435
2019,May,Mexico,Regular,Arroz,Sur,ABYT057271,Atole mix,-3.07E-13
2019,May,Mexico,Regular,Arroz,Sur,ABYT057271,Atole mix,2.37E-11
2019,Sep,Mexico,Regular,Arroz,Sur,ABYT057271,Atole mix,626903.7376
2020,May,Mexico,Regular,Arroz,Sur,ABYT057271,Atole mix,521943.746
2020,Jul,Mexico,Regular,Arroz,Sur,ABYT057271,Atole mix,452772.7352
2019,May,Mexico,Regular,Verde,Sur,206054370,Tamal mix,5.83E-16
2019,Sep,Mexico,Regular,Verde,Sur,206054370,Tamal mix,-6.66E-15
2019,May,Mexico,Regular,Cajeta,Sur,ABYT055818,Atole mix,2.58E-13
2019,Nov,Mexico,Regular,Cajeta,Sur,ABYT055818,Atole mix,-1.38E-14
2019,Mar,Mexico,Regular,Arroz,Sur,ABYT057271,Atole mix,5579.4288
2020,Jan,Mexico,Regular,Arroz,Sur,ABYT057271,Atole mix,197265.0187
2019,Feb,Mexico,Regular,Arroz,Sur,ABYT057271,Atole mix,5623.804276
2019,Nov,Mexico,Regular,Arroz,Sur,ABYT057271,Atole mix,5476.395348
2019,Apr,Mexico,Regular,Arroz,Sur,ABYT057271,Atole mix,-2.73E-13
2019,Jul,Mexico,Regular,Arroz,Sur,ABYT057271,Atole mix,-5.56E-13
2019,Dec,Mexico,Regular,Arroz,Sur,ABYT057271,Atole mix,14880.94422
2020,Feb,Mexico,Regular,Arroz,Sur,ABYT057271,Atole mix,14946.63248
2019,Jan,Mexico,Regular,Arroz,Sur,ABYT057271,Atole mix,-4.62E-14
2019,Jan,Mexico,Regular,Arroz,Sur,ABYT057271,Atole mix,-3.39E-12
2019,Jun,Mexico,Regular,Arroz,Sur,ABYT057271,Atole mix,38793.58246
2019,Mar,Mexico,Regular,Mole,Sur,206051447,Tamal mix,6.16E-14
2019,Apr,Mexico,Regular,Mole,Sur,206051447,Tamal mix,2.36E-12
2019,May,Mexico,Regular,Mole,Sur,206051447,Tamal mix,38544.56377
2019,Jun,Mexico,Regular,Mole,Sur,206051447,Tamal mix,-2.30E-11
2019,Jul,Mexico,Regular,Mole,Sur,206051447,Tamal mix,109973.3948
2019,Aug,Mexico,Regular,Mole,Sur,206051447,Tamal mix,6566.397494
2019,Sep,Mexico,Regular,Mole,Sur,206051447,Tamal mix,5.12E-12
2019,Nov,Mexico,Regular,Mole,Sur,206051447,Tamal mix,8514.896188
2019,Nov,Mexico,Regular,Mole,Sur,206051447,Tamal mix,1.64E-13
2019,Dec,Mexico,Regular,Mole,Sur,206051447,Tamal mix,17161.55389
2020,May,Mexico,Regular,Mole,Sur,206051447,Tamal mix,2.731592
2020,Jul,Mexico,Regular,Mole,Sur,206051447,Tamal mix,122020.9455
2020,Jul,Mexico,Regular,Mole,Sur,206051447,Tamal mix,85491.53748
2020,Aug,Mexico,Regular,Mole,Sur,206051447,Tamal mix,33206.05504
2019,Jan,Mexico,Regular,Dulce,Sur,206050084,Tamal mix,67561.86552
2019,Feb,Mexico,Regular,Dulce,Sur,206050084,Tamal mix,-4.04E-12
2019,Mar,Mexico,Regular,Dulce,Sur,206050084,Tamal mix,2.33E-11
2019,Jun,Mexico,Regular,Dulce,Sur,206050084,Tamal mix,1619.725088
2019,Jun,Mexico,Regular,Dulce,Sur,206050084,Tamal mix,-9.50E-12
2019,Aug,Mexico,Regular,Dulce,Sur,206050084,Tamal mix,48500.37813
2019,Sep,Mexico,Regular,Dulce,Sur,206050084,Tamal mix,-7.96E-11
2019,Sep,Mexico,Regular,Dulce,Sur,206050084,Tamal mix,3.25E-11
2019,Oct,Mexico,Regular,Dulce,Sur,206050084,Tamal mix,13349.99112
2019,Oct,Mexico,Regular,Dulce,Sur,206050084,Tamal mix,-2.98E-09
2019,Oct,Mexico,Regular,Dulce,Sur,206050084,Tamal mix,6.00E-11
2019,Sep,Mexico,Regular,Dulce,Sur,206050084,Tamal mix,-6.25E-11
2019,Dec,Mexico,Regular,Dulce,Sur,206050084,Tamal mix,3.56E-12
2019,Mar,Mexico,Regular,Arroz,Sur,ABYT057271,Atole mix,-1.72E-15
2019,May,Mexico,Regular,Arroz,Sur,ABYT057271,Atole mix,2.958788
2019,Nov,Mexico,Regular,Arroz,Sur,ABYT057271,Atole mix,16940.89779
2019,Dec,Mexico,Regular,Arroz,Sur,ABYT057271,Atole mix,14523.91451
2020,May,Mexico,Regular,Arroz,Sur,ABYT057271,Atole mix,1.09E-11
2020,Aug,Mexico,Regular,Arroz,Sur,ABYT057271,Atole mix,7461.398368
2020,Feb,Mexico,Regular,Dulce,Sur,206050084,Tamal mix,19125.56594
2020,Feb,Mexico,Regular,Dulce,Sur,206050084,Tamal mix,-7.64E-12
2020,Feb,Mexico,Regular,Dulce,Sur,206050084,Tamal mix,1.10E-11
2020,Feb,Mexico,Regular,Dulce,Sur,206050084,Tamal mix,63001.07557
2020,Mar,Mexico,Regular,Dulce,Sur,206050084,Tamal mix,84308.55057
2020,May,Mexico,Regular,Dulce,Sur,206050084,Tamal mix,4.35E-11
2020,May,Mexico,Regular,Dulce,Sur,206050084,Tamal mix,5.463183
2020,May,Mexico,Regular,Dulce,Sur,206050084,Tamal mix,24873.64515
2020,May,Mexico,Regular,Dulce,Sur,206050084,Tamal mix,52566.785
2020,May,Mexico,Regular,Dulce,Sur,206050084,Tamal mix,-5.47E-11
2020,Jun,Mexico,Regular,Dulce,Sur,206050084,Tamal mix,-2.50E-15
2020,Jun,Mexico,Regular,Dulce,Sur,206050084,Tamal mix,513610.3464
2020,Jun,Mexico,Regular,Dulce,Sur,206050084,Tamal mix,-1.16E-11
2020,Jun,Mexico,Regular,Dulce,Sur,206050084,Tamal mix,-1.17E-11
2020,Jul,Mexico,Regular,Dulce,Sur,206050084,Tamal mix,1.27E-11
2020,Aug,Mexico,Regular,Dulce,Sur,206050084,Tamal mix,11727.31506
2020,Jun,Mexico,Regular,Arroz,Sur,ABYT057271,Atole mix,20658.15214
2019,Mar,Mexico,Regular,Arroz,Sur,ABYT057271,Atole mix,12173.2992
2019,May,Mexico,Regular,Arroz,Sur,ABYT057271,Atole mix,0
2019,Jul,Mexico,Regular,Arroz,Sur,ABYT057271,Atole mix,21.13422
2019,Jul,Mexico,Regular,Arroz,Sur,ABYT057271,Atole mix,3.170132
2019,Aug,Mexico,Regular,Arroz,Sur,ABYT057271,Atole mix,-1.01E-10
2020,Aug,Mexico,Regular,Arroz,Sur,ABYT057271,Atole mix,177573.9496
2019,Mar,Mexico,Regular,Mole,Sur,206051447,Tamal mix,142812.2431
2019,May,Mexico,Regular,Mole,Sur,206051447,Tamal mix,128761.1702
2019,May,Mexico,Regular,Mole,Sur,206051447,Tamal mix,1.34E-13
2019,Jul,Mexico,Regular,Mole,Sur,206051447,Tamal mix,12421.2635
2019,Aug,Mexico,Regular,Mole,Sur,206051447,Tamal mix,-1.47E-11
2019,Sep,Mexico,Regular,Mole,Sur,206051447,Tamal mix,2.69E-11
2019,Oct,Mexico,Regular,Mole,Sur,206051447,Tamal mix,14.08947
2019,Oct,Mexico,Regular,Mole,Sur,206051447,Tamal mix,-2.84E-12
2019,Nov,Mexico,Regular,Mole,Sur,206051447,Tamal mix,-9.89E-12
2019,Nov,Mexico,Regular,Mole,Sur,206051447,Tamal mix,11396.88529
2020,Jan,Mexico,Regular,Mole,Sur,206051447,Tamal mix,59128.7364
2020,Jan,Mexico,Regular,Mole,Sur,206051447,Tamal mix,9961.183537
2020,Feb,Mexico,Regular,Mole,Sur,206051447,Tamal mix,9.62E-11
2020,Mar,Mexico,Regular,Mole,Sur,206051447,Tamal mix,-3.47E-17
2020,Apr,Mexico,Regular,Mole,Sur,206051447,Tamal mix,2.05E-12
2019,Feb,Mexico,Regular,Cajeta,Sur,ABYT055818,Atole mix,-7.64E-13
2019,Jun,Mexico,Regular,Cajeta,Sur,ABYT055818,Atole mix,6374.849712
2019,Jun,Mexico,Regular,Cajeta,Sur,ABYT055818,Atole mix,-5.96E-13
2020,Mar,Mexico,Regular,Dulce,Sur,206050084,Tamal mix,1.19E-10
2019,Apr,Mexico,Regular,Arroz,Sur,ABYT057271,Atole mix,4.55E-13
2019,Apr,Mexico,Regular,Arroz,Sur,ABYT057271,Atole mix,3756.959843
2019,Apr,Mexico,Regular,Arroz,Sur,ABYT057271,Atole mix,175998.5905
2019,Apr,Mexico,Regular,Arroz,Sur,ABYT057271,Atole mix,5.51E-12
2019,May,Mexico,Regular,Arroz,Sur,ABYT057271,Atole mix,6.43E-12
2019,Nov,Mexico,Regular,Arroz,Sur,ABYT057271,Atole mix,-2.17E-11
2020,Feb,Mexico,Regular,Arroz,Sur,ABYT057271,Atole mix,0
2019,May,Mexico,Regular,Arroz,Sur,ABYT057271,Atole mix,-2.52E-13
2020,Jul,Mexico,Regular,Arroz,Sur,ABYT057271,Atole mix,-1.07E-13
2019,Jan,Mexico,Regular,Arroz,Sur,ABYT057271,Atole mix,-4.62E-14
2019,May,Mexico,Regular,Arroz,Sur,ABYT057271,Atole mix,0
2020,Aug,Mexico,Regular,Arroz,Sur,ABYT057271,Atole mix,1108.312319
2019,Feb,Mexico,Regular,Arroz,Sur,ABYT057271,Atole mix,32045.44403
2019,Feb,Mexico,Regular,Dulce,Sur,206050084,Tamal mix,42962.7271
2019,Feb,Mexico,Regular,Dulce,Sur,206050084,Tamal mix,5.62E-12
2019,Mar,Mexico,Regular,Dulce,Sur,206050084,Tamal mix,105613.5858
2019,Apr,Mexico,Regular,Dulce,Sur,206050084,Tamal mix,1234191.313
2019,May,Mexico,Regular,Dulce,Sur,206050084,Tamal mix,550389.9042
2019,May,Mexico,Regular,Dulce,Sur,206050084,Tamal mix,3.74E-11
2019,May,Mexico,Regular,Dulce,Sur,206050084,Tamal mix,55391.67901
2019,May,Mexico,Regular,Dulce,Sur,206050084,Tamal mix,83601.03258
2019,Jun,Mexico,Regular,Dulce,Sur,206050084,Tamal mix,101837.7839
2019,Jun,Mexico,Regular,Dulce,Sur,206050084,Tamal mix,5.77E-12
2019,Jun,Mexico,Regular,Dulce,Sur,206050084,Tamal mix,-1.19E-11
2019,Jun,Mexico,Regular,Dulce,Sur,206050084,Tamal mix,-7.35E-13
2019,Aug,Mexico,Regular,Dulce,Sur,206050084,Tamal mix,8.24E-11
2019,Aug,Mexico,Regular,Dulce,Sur,206050084,Tamal mix,2.01E-12
2019,Aug,Mexico,Regular,Dulce,Sur,206050084,Tamal mix,335110.6479
2019,Sep,Mexico,Regular,Dulce,Sur,206050084,Tamal mix,273.84636
2019,Sep,Mexico,Regular,Dulce,Sur,206050084,Tamal mix,102124.6154
2019,Oct,Mexico,Regular,Dulce,Sur,206050084,Tamal mix,-1.25E-11
2019,Oct,Mexico,Regular,Dulce,Sur,206050084,Tamal mix,-6.12E-12
2019,Nov,Mexico,Regular,Dulce,Sur,206050084,Tamal mix,36469.88959
2019,Nov,Mexico,Regular,Dulce,Sur,206050084,Tamal mix,7.15E-13
2019,Dec,Mexico,Regular,Dulce,Sur,206050084,Tamal mix,-3.09E-12
2019,Dec,Mexico,Regular,Dulce,Sur,206050084,Tamal mix,2.47E-12
2019,Dec,Mexico,Regular,Dulce,Sur,206050084,Tamal mix,1120.449287
2019,Feb,Mexico,Regular,Arroz,Sur,ABYT057271,Atole mix,-5.42E-13
2019,Sep,Mexico,Regular,Arroz,Sur,ABYT057271,Atole mix,16732.58453
2019,Dec,Mexico,Regular,Dulce,Sur,206050084,Tamal mix,-1.14E-09
2020,Jan,Mexico,Regular,Dulce,Sur,206050084,Tamal mix,3.54E-10
2020,Feb,Mexico,Regular,Dulce,Sur,206050084,Tamal mix,75718.1083
2020,Feb,Mexico,Regular,Dulce,Sur,206050084,Tamal mix,-4.07E-12
2020,Feb,Mexico,Regular,Dulce,Sur,206050084,Tamal mix,63877.06274
2020,Feb,Mexico,Regular,Dulce,Sur,206050084,Tamal mix,273447.3778
2020,Mar,Mexico,Regular,Dulce,Sur,206050084,Tamal mix,1.02E-14
2020,Mar,Mexico,Regular,Dulce,Sur,206050084,Tamal mix,49401.61518
2020,Mar,Mexico,Regular,Dulce,Sur,206050084,Tamal mix,1.27E-09
2020,Apr,Mexico,Regular,Dulce,Sur,206050084,Tamal mix,-4.09E-12
2020,Apr,Mexico,Regular,Dulce,Sur,206050084,Tamal mix,302391.7282
2020,Apr,Mexico,Regular,Dulce,Sur,206050084,Tamal mix,22282.61548
2020,Jun,Mexico,Regular,Dulce,Sur,206050084,Tamal mix,42590.39284
2020,Jun,Mexico,Regular,Dulce,Sur,206050084,Tamal mix,84881.81582
2020,Jul,Mexico,Regular,Dulce,Sur,206050084,Tamal mix,41062.05986
2020,Jul,Mexico,Regular,Dulce,Sur,206050084,Tamal mix,1.84E-11
2020,Jul,Mexico,Regular,Dulce,Sur,206050084,Tamal mix,-8.87E-12
2020,Jul,Mexico,Regular,Dulce,Sur,206050084,Tamal mix,56526.18227
2020,Aug,Mexico,Regular,Dulce,Sur,206050084,Tamal mix,42.268403
2020,Aug,Mexico,Regular,Dulce,Sur,206050084,Tamal mix,50733.7483
2020,Aug,Mexico,Regular,Dulce,Sur,206050084,Tamal mix,14964.36989
2020,Mar,Mexico,Regular,Arroz,Sur,ABYT057271,Atole mix,-8.53E-12
2019,Feb,Mexico,Regular,Arroz,Sur,ABYT057271,Atole mix,-3.82E-11
2019,Apr,Mexico,Regular,Arroz,Sur,ABYT057271,Atole mix,-1.58E-11
2019,May,Mexico,Regular,Arroz,Sur,ABYT057271,Atole mix,430366.7498
2019,Jun,Mexico,Regular,Arroz,Sur,ABYT057271,Atole mix,3.52E-14
2019,Jul,Mexico,Regular,Arroz,Sur,ABYT057271,Atole mix,-1.42E-14
2019,Jun,Mexico,Regular,Verde,Sur,206054370,Tamal mix,1.94E-15
2019,Jul,Mexico,Regular,Verde,Sur,206054370,Tamal mix,138.815352
2020,May,Mexico,Low-Calorie,Verde,Sur,206054370,Tamal mix,-7.68E-12
2019,Jan,Mexico,Regular,Mole,Sur,206051447,Tamal mix,8103.045585
2019,Mar,Mexico,Regular,Mole,Sur,206051447,Tamal mix,-1.67E-12
2019,Jun,Mexico,Regular,Mole,Sur,206051447,Tamal mix,44457.21005
2019,Jun,Mexico,Regular,Mole,Sur,206051447,Tamal mix,1.10E-12
2019,Aug,Mexico,Regular,Mole,Sur,206051447,Tamal mix,122663.4252
2019,Oct,Mexico,Regular,Mole,Sur,206051447,Tamal mix,15590.51723
2019,Nov,Mexico,Regular,Mole,Sur,206051447,Tamal mix,71783.36701
2020,Jul,Mexico,Regular,Mole,Sur,206051447,Tamal mix,-1.33E-15
2020,Aug,Mexico,Regular,Mole,Sur,206051447,Tamal mix,75593.49172
2019,Jan,Mexico,Regular,Dulce,Sur,206050084,Tamal mix,55383.75617
2020,May,Mexico,Regular,Dulce,Sur,206050084,Tamal mix,9244.098
2020,Aug,Mexico,Regular,Dulce,Sur,206050084,Tamal mix,15643.32157
2019,Feb,Mexico,Regular,Arroz,Sur,ABYT057271,Atole mix,7933.77868
2019,May,Mexico,Regular,Arroz,Sur,ABYT057271,Atole mix,-1.14E-13
2019,Oct,Mexico,Regular,Arroz,Sur,ABYT057271,Atole mix,-2.75E-10
2020,Feb,Mexico,Regular,Arroz,Sur,ABYT057271,Atole mix,-6.28E-11
2019,Jan,Mexico,Regular,Arroz,Sur,ABYT057271,Atole mix,4909.296074
2019,Jul,Mexico,Regular,Arroz,Sur,ABYT057271,Atole mix,2.38E-13
2020,Aug,Mexico,Regular,Arroz,Sur,ABYT057271,Atole mix,47.730549
2019,Sep,Mexico,Regular,Arroz,Sur,ABYT057271,Atole mix,13112.88557
2019,Feb,Mexico,Regular,Arroz,Sur,ABYT057271,Atole mix,2191.61654
2019,Apr,Mexico,Regular,Arroz,Sur,ABYT057271,Atole mix,-1.71E-13
2019,Sep,Mexico,Regular,Arroz,Sur,ABYT057271,Atole mix,35688.09986
2019,May,Mexico,Regular,Arroz,Sur,ABYT057271,Atole mix,-1.05E-13
2019,Jul,Mexico,Regular,Cajeta,Sur,ABYT055818,Atole mix,3412.644945
2019,Oct,Mexico,Regular,Cajeta,Sur,ABYT055818,Atole mix,1845.050848
2019,Dec,Mexico,Regular,Cajeta,Sur,ABYT055818,Atole mix,1.38E-13
2020,Feb,Mexico,Regular,Cajeta,Sur,ABYT055818,Atole mix,1.17E-12
2019,Feb,Mexico,Regular,Dulce,Sur,206050084,Tamal mix,66335.60159
2019,Feb,Mexico,Regular,Dulce,Sur,206050084,Tamal mix,-2.88E-13
2019,Feb,Mexico,Regular,Dulce,Sur,206050084,Tamal mix,998233.2537
2019,Mar,Mexico,Regular,Dulce,Sur,206050084,Tamal mix,45688.73289
2019,Mar,Mexico,Regular,Dulce,Sur,206050084,Tamal mix,-7.67E-12
2019,Mar,Mexico,Regular,Dulce,Sur,206050084,Tamal mix,1366494.575
2019,Apr,Mexico,Regular,Dulce,Sur,206050084,Tamal mix,4.49E-12
2019,Apr,Mexico,Regular,Dulce,Sur,206050084,Tamal mix,76083.43961
2019,May,Mexico,Regular,Dulce,Sur,206050084,Tamal mix,2.36E-12
2019,May,Mexico,Regular,Dulce,Sur,206050084,Tamal mix,24940.47148
2019,Jun,Mexico,Regular,Dulce,Sur,206050084,Tamal mix,29296.899
2019,Jun,Mexico,Regular,Dulce,Sur,206050084,Tamal mix,66491.95793
2019,Aug,Mexico,Regular,Dulce,Sur,206050084,Tamal mix,5.86E-12
2019,Aug,Mexico,Regular,Dulce,Sur,206050084,Tamal mix,22830.31884
2019,Oct,Mexico,Regular,Dulce,Sur,206050084,Tamal mix,5.68E-14
2019,Oct,Mexico,Regular,Dulce,Sur,206050084,Tamal mix,42223.66566
2019,Oct,Mexico,Regular,Dulce,Sur,206050084,Tamal mix,-1.12E-12
2019,Dec,Mexico,Regular,Dulce,Sur,206050084,Tamal mix,8.00E-12
