2019,Feb,Mexico,Regular,Cajeta,Centro,ABYT055818,Atole mix,6.16E-14
2020,Jan,Mexico,Regular,Cajeta,Centro,ABYT055818,Atole mix,-4.55E-13
2020,Aug,Mexico,Regular,Cajeta,Centro,ABYT055818,Atole mix,976.99035
2020,Mar,Mexico,Regular,Arroz,Centro,ABYT057271,Atole mix,-2.36E-11
2020,Jun,Mexico,Regular,Arroz,Centro,ABYT057271,Atole mix,6.31E-30
2019,Jun,Mexico,Regular,Arroz,Centro,ABYT057271,Atole mix,1.67E-10
2020,May,Mexico,Regular,Arroz,Centro,ABYT057271,Atole mix,-1.14E-13
2020,Jun,Mexico,Regular,Arroz,Centro,ABYT057271,Atole mix,-8.53E-13
2020,Aug,Mexico,Regular,Arroz,Centro,ABYT057271,Atole mix,613038.7455
2020,Aug,Mexico,Regular,Arroz,Centro,ABYT057271,Atole mix,72774.03264
2020,Aug,Mexico,Regular,Arroz,Centro,ABYT057271,Atole mix,240046.3878
2020,Jul,Mexico,Regular,Arroz,Centro,ABYT057271,Atole mix,1.35E-12
2020,Aug,Mexico,Regular,Arroz,Centro,ABYT057271,Atole mix,1657.309093
2019,Mar,Mexico,Regular,Verde,Centro,206054370,Tamal mix,8676.093572
2019,Apr,Mexico,Regular,Verde,Centro,206054370,Tamal mix,6137.64528
2019,Aug,Mexico,Regular,Verde,Centro,206054370,Tamal mix,-9.01E-13
2020,Jan,Mexico,Regular,Verde,Centro,206054370,Tamal mix,5061.237008
2019,Feb,Mexico,Regular,Arroz,Centro,ABYT057271,Atole mix,14.08947
2019,May,Mexico,Regular,Arroz,Centro,ABYT057271,Atole mix,-3.43E-14
2019,Jun,Mexico,Regular,Arroz,Centro,ABYT057271,Atole mix,9.91E-13
2019,Nov,Mexico,Regular,Arroz,Centro,ABYT057271,Atole mix,21635.9381
2020,Feb,Mexico,Regular,Arroz,Centro,ABYT057271,Atole mix,11303.47321
2020,Apr,Mexico,Regular,Arroz,Centro,ABYT057271,Atole mix,3361.683927
2020,May,Mexico,Regular,Arroz,Centro,ABYT057271,Atole mix,0
2020,Jun,Mexico,Regular,Arroz,Centro,ABYT057271,Atole mix,18834.19785
2019,Sep,Mexico,Regular,Arroz,Centro,ABYT057271,Atole mix,-1.82E-12
2019,Oct,Mexico,Regular,Arroz,Centro,ABYT057271,Atole mix,2.56E-12
2020,May,Mexico,Regular,Arroz,Centro,ABYT057271,Atole mix,-1.02E-12
2019,Apr,Mexico,Regular,Arroz,Centro,ABYT057271,Atole mix,-1.73E-11
2019,Apr,Mexico,Regular,Arroz,Centro,ABYT057271,Atole mix,33687.9148
2019,May,Mexico,Regular,Arroz,Centro,ABYT057271,Atole mix,-1.15E-14
2019,Sep,Mexico,Regular,Arroz,Centro,ABYT057271,Atole mix,-1.75E-12
2020,Feb,Mexico,Regular,Arroz,Centro,ABYT057271,Atole mix,428139.3017
2020,Apr,Mexico,Regular,Arroz,Centro,ABYT057271,Atole mix,-9.82E-11
2019,Jan,Mexico,Regular,Arroz,Centro,ABYT057271,Atole mix,27933.07214
2019,Apr,Mexico,Regular,Arroz,Centro,ABYT057271,Atole mix,36505.10366
2020,Jan,Mexico,Regular,Arroz,Centro,ABYT057271,Atole mix,9.51039
2020,Feb,Mexico,Regular,Arroz,Centro,ABYT057271,Atole mix,8.88E-16
2020,Jul,Mexico,Regular,Arroz,Centro,ABYT057271,Atole mix,-4.55E-12
2019,Nov,Mexico,Regular,Arroz,Centro,ABYT057271,Atole mix,-3.78E-13
2020,Mar,Mexico,Regular,Arroz,Centro,ABYT057271,Atole mix,3.86E-14
2020,May,Mexico,Regular,Arroz,Centro,ABYT057271,Atole mix,211776.033
2020,May,Mexico,Regular,Arroz,Centro,ABYT057271,Atole mix,-6.37E-12
2019,Sep,Mexico,Regular,Arroz,Centro,ABYT057271,Atole mix,3.41E-11
2019,Jul,Mexico,Regular,Arroz,Centro,ABYT057271,Atole mix,28903.48795
2020,Jan,Mexico,Regular,Arroz,Centro,ABYT057271,Atole mix,5.68E-14
2020,Feb,Mexico,Regular,Arroz,Centro,ABYT057271,Atole mix,-39.943624
2020,Feb,Mexico,Regular,Arroz,Centro,ABYT057271,Atole mix,18439.28497
2020,Mar,Mexico,Regular,Arroz,Centro,ABYT057271,Atole mix,10639.76649
2020,Mar,Mexico,Regular,Arroz,Centro,ABYT057271,Atole mix,-1.02E-14
2020,Jul,Mexico,Regular,Arroz,Centro,ABYT057271,Atole mix,0
2020,Jun,Mexico,Regular,Arroz,Centro,ABYT057271,Atole mix,-5.46E-12
2019,Jan,Mexico,Regular,Arroz,Centro,ABYT057271,Atole mix,967807.3189
2019,May,Mexico,Regular,Arroz,Centro,ABYT057271,Atole mix,-2.00E-11
2019,May,Mexico,Regular,Arroz,Centro,ABYT057271,Atole mix,-1.11E-16
2019,Jun,Mexico,Regular,Arroz,Centro,ABYT057271,Atole mix,109755.1841
2020,Mar,Mexico,Regular,Arroz,Centro,ABYT057271,Atole mix,-1.32E-11
2020,Apr,Mexico,Regular,Arroz,Centro,ABYT057271,Atole mix,2.96E-12
2020,May,Mexico,Regular,Arroz,Centro,ABYT057271,Atole mix,437885.8301
2020,Jun,Mexico,Regular,Arroz,Centro,ABYT057271,Atole mix,1314632.664
2020,Jul,Mexico,Regular,Arroz,Centro,ABYT057271,Atole mix,-3.64E-11
2019,Mar,Mexico,Regular,Arroz,Centro,ABYT057271,Atole mix,7.27E-14
2019,Oct,Mexico,Regular,Arroz,Centro,ABYT057271,Atole mix,4847.83252
2020,Feb,Mexico,Regular,Arroz,Centro,ABYT057271,Atole mix,7831.569564
2020,Jun,Mexico,Regular,Arroz,Centro,ABYT057271,Atole mix,4801.130195
2020,Jun,Mexico,Regular,Arroz,Centro,ABYT057271,Atole mix,1671.391204
2020,Aug,Mexico,Regular,Arroz,Centro,ABYT057271,Atole mix,850.799532
2019,Feb,Mexico,Regular,Verde,Centro,206054370,Tamal mix,7165.85813
2019,May,Mexico,Regular,Verde,Centro,206054370,Tamal mix,6335.874908
2019,Jul,Mexico,Regular,Verde,Centro,206054370,Tamal mix,5260.07253
2019,Mar,Mexico,Regular,Cajeta,Centro,ABYT055818,Atole mix,-2.10E-14
2020,Mar,Mexico,Regular,Cajeta,Centro,ABYT055818,Atole mix,-1.62E-14
2020,May,Mexico,Regular,Cajeta,Centro,ABYT055818,Atole mix,3.41E-13
2020,Aug,Mexico,Regular,Cajeta,Centro,ABYT055818,Atole mix,577.917525
2019,Apr,Mexico,Regular,Arroz,Centro,ABYT057271,Atole mix,7497.886592
2019,Aug,Mexico,Regular,Arroz,Centro,ABYT057271,Atole mix,8418.985584
2019,Dec,Mexico,Regular,Arroz,Centro,ABYT057271,Atole mix,-1.01E-12
2020,Jan,Mexico,Regular,Arroz,Centro,ABYT057271,Atole mix,16334.19267
2020,Mar,Mexico,Regular,Arroz,Centro,ABYT057271,Atole mix,-4.46E-12
2019,May,Mexico,Regular,Arroz,Centro,ABYT057271,Atole mix,4.71E-12
2019,Sep,Mexico,Regular,Arroz,Centro,ABYT057271,Atole mix,525598.8678
2020,Jan,Mexico,Regular,Arroz,Centro,ABYT057271,Atole mix,2.18E-11
2020,Jan,Mexico,Regular,Arroz,Centro,ABYT057271,Atole mix,7.28E-12
2019,May,Mexico,Regular,Arroz,Centro,ABYT057271,Atole mix,53.89221
2019,Sep,Mexico,Regular,Arroz,Centro,ABYT057271,Atole mix,34586.81573
2019,Sep,Mexico,Regular,Arroz,Centro,ABYT057271,Atole mix,6.13E-14
2019,Nov,Mexico,Regular,Arroz,Centro,ABYT057271,Atole mix,411.06019
2020,May,Mexico,Regular,Arroz,Centro,ABYT057271,Atole mix,34729.19683
2020,Jun,Mexico,Regular,Arroz,Centro,ABYT057271,Atole mix,41819.65753
2019,Feb,Mexico,Regular,Arroz,Centro,ABYT057271,Atole mix,2.25E-11
2019,Feb,Mexico,Regular,Arroz,Centro,ABYT057271,Atole mix,-1.11E-16
2019,May,Mexico,Regular,Arroz,Centro,ABYT057271,Atole mix,-8.74E-13
2019,Jun,Mexico,Regular,Arroz,Centro,ABYT057271,Atole mix,223763.8796
2019,Nov,Mexico,Regular,Arroz,Centro,ABYT057271,Atole mix,180558.3064
2020,Jan,Mexico,Regular,Arroz,Centro,ABYT057271,Atole mix,13.73723
2020,Apr,Mexico,Regular,Arroz,Centro,ABYT057271,Atole mix,273125.6146
2019,Feb,Mexico,Regular,Arroz,Centro,ABYT057271,Atole mix,102949.4223
2019,Jan,Mexico,Regular,Arroz,Centro,ABYT057271,Atole mix,-2.08E-13
2019,Sep,Mexico,Regular,Arroz,Centro,ABYT057271,Atole mix,29226.53313
2019,Oct,Mexico,Regular,Arroz,Centro,ABYT057271,Atole mix,19970.38523
2020,Jan,Mexico,Regular,Arroz,Centro,ABYT057271,Atole mix,-17.831975
2020,May,Mexico,Regular,Arroz,Centro,ABYT057271,Atole mix,449.454093
2020,Jun,Mexico,Regular,Arroz,Centro,ABYT057271,Atole mix,-1.78E-13
2020,Jul,Mexico,Regular,Arroz,Centro,ABYT057271,Atole mix,16648.88524
2020,Jul,Mexico,Regular,Arroz,Centro,ABYT057271,Atole mix,39.450516
2020,Jan,Mexico,Regular,Arroz,Centro,ABYT057271,Atole mix,5.68E-14
2019,Jan,Mexico,Regular,Arroz,Centro,ABYT057271,Atole mix,-9.42E-11
2019,Mar,Mexico,Regular,Arroz,Centro,ABYT057271,Atole mix,9.33E-15
2019,Jun,Mexico,Regular,Arroz,Centro,ABYT057271,Atole mix,0
2019,Aug,Mexico,Regular,Arroz,Centro,ABYT057271,Atole mix,127991.8853
2019,Aug,Mexico,Regular,Arroz,Centro,ABYT057271,Atole mix,16016.2994
2019,Sep,Mexico,Regular,Arroz,Centro,ABYT057271,Atole mix,9.11E-12
2020,Mar,Mexico,Regular,Arroz,Centro,ABYT057271,Atole mix,7.06E-10
2020,Apr,Mexico,Regular,Arroz,Centro,ABYT057271,Atole mix,406479.3522
2020,Mar,Mexico,Regular,Arroz,Centro,ABYT057271,Atole mix,10746.32236
2020,Aug,Mexico,Regular,Arroz,Centro,ABYT057271,Atole mix,2426.589673
2019,Jan,Mexico,Regular,Verde,Centro,206054370,Tamal mix,4.97E-14
2019,Mar,Mexico,Regular,Arroz,Centro,ABYT057271,Atole mix,-1.62E-14
2019,Jul,Mexico,Regular,Arroz,Centro,ABYT057271,Atole mix,1.60E-12
2019,Sep,Mexico,Regular,Arroz,Centro,ABYT057271,Atole mix,10115.35751
2020,Jun,Mexico,Regular,Arroz,Centro,ABYT057271,Atole mix,16496.68338
2020,Jun,Mexico,Regular,Arroz,Centro,ABYT057271,Atole mix,7.53E-13
2020,Aug,Mexico,Regular,Arroz,Centro,ABYT057271,Atole mix,26410.87423
2019,Sep,Mexico,Regular,Arroz,Centro,ABYT057271,Atole mix,-4.46E-11
2020,Jun,Mexico,Regular,Arroz,Centro,ABYT057271,Atole mix,5.00E-12
2019,Jul,Mexico,Regular,Arroz,Centro,ABYT057271,Atole mix,293.76538
2019,Aug,Mexico,Regular,Arroz,Centro,ABYT057271,Atole mix,806.26973
2020,Jan,Mexico,Regular,Arroz,Centro,ABYT057271,Atole mix,2.27E-13
2019,Jan,Mexico,Regular,Arroz,Centro,ABYT057271,Atole mix,96.16061
2019,May,Mexico,Regular,Arroz,Centro,ABYT057271,Atole mix,397.32296
2020,Jun,Mexico,Regular,Arroz,Centro,ABYT057271,Atole mix,1.09E-11
2019,Feb,Mexico,Regular,Cajeta,Centro,ABYT055818,Atole mix,4033.499055
2019,Mar,Mexico,Regular,Cajeta,Centro,ABYT055818,Atole mix,5873.616912
2019,Jul,Mexico,Regular,Cajeta,Centro,ABYT055818,Atole mix,7918.208034
2019,Nov,Mexico,Regular,Cajeta,Centro,ABYT055818,Atole mix,0
2019,Dec,Mexico,Regular,Cajeta,Centro,ABYT055818,Atole mix,8576.260389
2020,May,Mexico,Regular,Cajeta,Centro,ABYT055818,Atole mix,1742.065715
2019,Jan,Mexico,Regular,Arroz,Centro,ABYT057271,Atole mix,10975.93725
2019,Mar,Mexico,Regular,Arroz,Centro,ABYT057271,Atole mix,9.97E-13
2019,Sep,Mexico,Regular,Arroz,Centro,ABYT057271,Atole mix,-1.42E-14
2019,Nov,Mexico,Regular,Arroz,Centro,ABYT057271,Atole mix,-2.14E-13
2019,Jan,Mexico,Regular,Arroz,Centro,ABYT057271,Atole mix,-4.48E-13
2019,Jun,Mexico,Regular,Arroz,Centro,ABYT057271,Atole mix,20446.49427
2020,Mar,Mexico,Regular,Arroz,Centro,ABYT057271,Atole mix,8712.046353
2020,Mar,Mexico,Regular,Arroz,Centro,ABYT057271,Atole mix,-9.04E-12
2020,May,Mexico,Regular,Arroz,Centro,ABYT057271,Atole mix,-2.96E-12
2019,Jan,Mexico,Regular,Arroz,Centro,ABYT057271,Atole mix,404070.8776
2019,Feb,Mexico,Regular,Arroz,Centro,ABYT057271,Atole mix,3.57E-13
2019,Jun,Mexico,Regular,Arroz,Centro,ABYT057271,Atole mix,809.176193
2019,Sep,Mexico,Regular,Arroz,Centro,ABYT057271,Atole mix,65942.93084
2019,Oct,Mexico,Regular,Arroz,Centro,ABYT057271,Atole mix,438515.6292
2019,Nov,Mexico,Regular,Arroz,Centro,ABYT057271,Atole mix,107164.1312
2019,Dec,Mexico,Regular,Arroz,Centro,ABYT057271,Atole mix,203037.3161
2020,Jan,Mexico,Regular,Arroz,Centro,ABYT057271,Atole mix,308861.8138
2020,Mar,Mexico,Regular,Arroz,Centro,ABYT057271,Atole mix,-3.93E-10
2019,Feb,Mexico,Regular,Arroz,Centro,ABYT057271,Atole mix,-3.33E-16
2019,Jul,Mexico,Regular,Arroz,Centro,ABYT057271,Atole mix,27358.13736
2019,Aug,Mexico,Regular,Arroz,Centro,ABYT057271,Atole mix,49621.30519
2020,Apr,Mexico,Regular,Arroz,Centro,ABYT057271,Atole mix,44898.50892
2020,Apr,Mexico,Regular,Arroz,Centro,ABYT057271,Atole mix,943.64203
2020,May,Mexico,Regular,Arroz,Centro,ABYT057271,Atole mix,-5.23E-12
2020,May,Mexico,Regular,Arroz,Centro,ABYT057271,Atole mix,0
2020,Jun,Mexico,Regular,Arroz,Centro,ABYT057271,Atole mix,3.64E-12
2019,Apr,Mexico,Regular,Arroz,Centro,ABYT057271,Atole mix,8246.56484
2019,Jun,Mexico,Regular,Arroz,Centro,ABYT057271,Atole mix,-1.01E-12
2019,Jul,Mexico,Regular,Arroz,Centro,ABYT057271,Atole mix,100.38745
2020,Feb,Mexico,Regular,Arroz,Centro,ABYT057271,Atole mix,163380.5124
2020,Apr,Mexico,Regular,Arroz,Centro,ABYT057271,Atole mix,-4.33E-13
2020,Jul,Mexico,Regular,Arroz,Centro,ABYT057271,Atole mix,792.5325
2019,Oct,Mexico,Regular,Arroz,Centro,ABYT057271,Atole mix,-2.00E-11
2020,Feb,Mexico,Regular,Arroz,Centro,ABYT057271,Atole mix,102737.977
2020,May,Mexico,Regular,Arroz,Centro,ABYT057271,Atole mix,1.82E-11
2020,May,Mexico,Regular,Arroz,Centro,ABYT057271,Atole mix,634.026
2019,Mar,Mexico,Regular,Arroz,Centro,ABYT057271,Atole mix,5.62E-14
2019,Apr,Mexico,Regular,Arroz,Centro,ABYT057271,Atole mix,0
2020,Jun,Mexico,Regular,Arroz,Centro,ABYT057271,Atole mix,1.18E-10
2020,Jun,Mexico,Regular,Arroz,Centro,ABYT057271,Atole mix,15800.73042
2019,Mar,Mexico,Regular,Arroz,Centro,ABYT057271,Atole mix,6500.351566
2019,Sep,Mexico,Regular,Arroz,Centro,ABYT057271,Atole mix,5848.556955
2020,Jan,Mexico,Regular,Arroz,Centro,ABYT057271,Atole mix,4.55E-13
2020,May,Mexico,Regular,Arroz,Centro,ABYT057271,Atole mix,2913.317791
2020,Jun,Mexico,Regular,Arroz,Centro,ABYT057271,Atole mix,-3.84E-13
2020,Jun,Mexico,Regular,Arroz,Centro,ABYT057271,Atole mix,8.53E-14
2020,Aug,Mexico,Regular,Arroz,Centro,ABYT057271,Atole mix,788.256381
2019,Sep,Mexico,Regular,Verde,Centro,206054370,Tamal mix,-7.89E-13
2020,Aug,Mexico,Regular,Verde,Centro,206054370,Tamal mix,792.947852
2019,Jun,Mexico,Regular,Cajeta,Centro,ABYT055818,Atole mix,-1.13E-13
2020,Apr,Mexico,Regular,Cajeta,Centro,ABYT055818,Atole mix,2209.665653
2020,May,Mexico,Regular,Cajeta,Centro,ABYT055818,Atole mix,1563.93117
2020,Aug,Mexico,Regular,Cajeta,Centro,ABYT055818,Atole mix,345.192015
2019,May,Mexico,Regular,Arroz,Centro,ABYT057271,Atole mix,32.405781
2019,Jun,Mexico,Regular,Arroz,Centro,ABYT057271,Atole mix,27499.04529
2019,Aug,Mexico,Regular,Arroz,Centro,ABYT057271,Atole mix,23414.79464
2020,Jan,Mexico,Regular,Arroz,Centro,ABYT057271,Atole mix,12833.24244
2020,May,Mexico,Regular,Arroz,Centro,ABYT057271,Atole mix,-1.36E-12
2020,May,Mexico,Regular,Arroz,Centro,ABYT057271,Atole mix,0
2020,Jul,Mexico,Regular,Arroz,Centro,ABYT057271,Atole mix,0
2019,May,Mexico,Regular,Cajeta,Centro,ABYT055818,Atole mix,5127.888158
2019,May,Mexico,Regular,Cajeta,Centro,ABYT055818,Atole mix,-7.65E-14
2019,Sep,Mexico,Regular,Cajeta,Centro,ABYT055818,Atole mix,-1.53E-12
2020,Jun,Mexico,Regular,Cajeta,Centro,ABYT055818,Atole mix,2.56E-13
2020,Feb,Mexico,Regular,Arroz,Centro,ABYT057271,Atole mix,9.09E-12
2020,Mar,Mexico,Regular,Arroz,Centro,ABYT057271,Atole mix,-2.16E-13
2020,Aug,Mexico,Regular,Arroz,Centro,ABYT057271,Atole mix,106293.4375
2020,Aug,Mexico,Regular,Arroz,Centro,ABYT057271,Atole mix,911.794797
2019,Jun,Mexico,Regular,Arroz,Centro,ABYT057271,Atole mix,1200442.363
2019,Oct,Mexico,Regular,Arroz,Centro,ABYT057271,Atole mix,4.55E-13
2019,Nov,Mexico,Regular,Arroz,Centro,ABYT057271,Atole mix,24004.09935
2020,Feb,Mexico,Regular,Arroz,Centro,ABYT057271,Atole mix,-1.18E-09
2020,Mar,Mexico,Regular,Arroz,Centro,ABYT057271,Atole mix,26415.14074
2020,Apr,Mexico,Regular,Arroz,Centro,ABYT057271,Atole mix,8.51E-10
2020,May,Mexico,Regular,Arroz,Centro,ABYT057271,Atole mix,-1.09E-10
2019,Jan,Mexico,Regular,Arroz,Centro,ABYT057271,Atole mix,1.52E-13
2020,Aug,Mexico,Regular,Arroz,Centro,ABYT057271,Atole mix,2100.428895
2019,Mar,Mexico,Regular,Verde,Centro,206054370,Tamal mix,6.32E-14
2019,Apr,Mexico,Regular,Verde,Centro,206054370,Tamal mix,3.78E-13
2020,Jan,Mexico,Regular,Verde,Centro,206054370,Tamal mix,-2.27E-13
2020,Jun,Mexico,Regular,Verde,Centro,206054370,Tamal mix,5279.302891
2019,Feb,Mexico,Regular,Arroz,Centro,ABYT057271,Atole mix,15226.23571
2019,Jun,Mexico,Regular,Arroz,Centro,ABYT057271,Atole mix,-1.92E-12
2019,Jun,Mexico,Regular,Arroz,Centro,ABYT057271,Atole mix,-1.39E-12
2019,Aug,Mexico,Regular,Arroz,Centro,ABYT057271,Atole mix,-4.59E-13
2020,Jan,Mexico,Regular,Arroz,Centro,ABYT057271,Atole mix,16300.58985
2020,Jan,Mexico,Regular,Arroz,Centro,ABYT057271,Atole mix,-5.00E-12
2020,Mar,Mexico,Regular,Arroz,Centro,ABYT057271,Atole mix,20671.0371
2020,May,Mexico,Regular,Arroz,Centro,ABYT057271,Atole mix,-8.53E-14
2019,May,Mexico,Regular,Arroz,Centro,ABYT057271,Atole mix,390576.6697
2019,Aug,Mexico,Regular,Arroz,Centro,ABYT057271,Atole mix,2.54E-11
2019,Sep,Mexico,Regular,Arroz,Centro,ABYT057271,Atole mix,4054.598828
2020,Apr,Mexico,Regular,Arroz,Centro,ABYT057271,Atole mix,244603.004
2020,Jun,Mexico,Regular,Arroz,Centro,ABYT057271,Atole mix,13244.8115
2020,Jul,Mexico,Regular,Arroz,Centro,ABYT057271,Atole mix,507741.2297
2019,May,Mexico,Regular,Arroz,Centro,ABYT057271,Atole mix,2.84E-14
2019,Oct,Mexico,Regular,Arroz,Centro,ABYT057271,Atole mix,2.11342
2020,Aug,Mexico,Regular,Arroz,Centro,ABYT057271,Atole mix,9461.78134
2019,Jul,Mexico,Regular,Arroz,Centro,ABYT057271,Atole mix,230918.9332
2019,Jul,Mexico,Regular,Arroz,Centro,ABYT057271,Atole mix,2.74E-11
2019,Sep,Mexico,Regular,Arroz,Centro,ABYT057271,Atole mix,214269.1496
2019,Sep,Mexico,Regular,Arroz,Centro,ABYT057271,Atole mix,5.46E-12
2019,Dec,Mexico,Regular,Arroz,Centro,ABYT057271,Atole mix,8005.282727
2020,Mar,Mexico,Regular,Arroz,Centro,ABYT057271,Atole mix,1254.31477
2020,Jul,Mexico,Regular,Arroz,Centro,ABYT057271,Atole mix,-9.95E-14
2020,Aug,Mexico,Regular,Arroz,Centro,ABYT057271,Atole mix,35.92814
2019,Apr,Mexico,Regular,Arroz,Centro,ABYT057271,Atole mix,64.45931
2019,Jun,Mexico,Regular,Arroz,Centro,ABYT057271,Atole mix,1.53E-14
2019,Aug,Mexico,Regular,Arroz,Centro,ABYT057271,Atole mix,-8.68E-14
2019,Nov,Mexico,Regular,Arroz,Centro,ABYT057271,Atole mix,-3.20E-12
2019,Feb,Mexico,Regular,Arroz,Centro,ABYT057271,Atole mix,-1.87E-13
2019,Feb,Mexico,Regular,Arroz,Centro,ABYT057271,Atole mix,-8.88E-16
2019,Mar,Mexico,Regular,Arroz,Centro,ABYT057271,Atole mix,31.518144
2019,May,Mexico,Regular,Arroz,Centro,ABYT057271,Atole mix,1.19E-13
2019,Nov,Mexico,Regular,Arroz,Centro,ABYT057271,Atole mix,33.814728
2019,Dec,Mexico,Regular,Arroz,Centro,ABYT057271,Atole mix,7.39E-13
2020,Mar,Mexico,Regular,Arroz,Centro,ABYT057271,Atole mix,5.57E-12
2020,Jul,Mexico,Regular,Arroz,Centro,ABYT057271,Atole mix,-3.64E-12
2020,May,Mexico,Regular,Arroz,Centro,ABYT057271,Atole mix,130948.6022
2019,Aug,Mexico,Regular,Arroz,Centro,ABYT057271,Atole mix,-4.90E-12
2019,Sep,Mexico,Regular,Arroz,Centro,ABYT057271,Atole mix,159840.068
2020,Jan,Mexico,Regular,Arroz,Centro,ABYT057271,Atole mix,6900.584831
2020,Feb,Mexico,Regular,Arroz,Centro,ABYT057271,Atole mix,7264.357478
2020,May,Mexico,Regular,Arroz,Centro,ABYT057271,Atole mix,-5.18E-11
2019,Jul,Mexico,Regular,Arroz,Centro,ABYT057271,Atole mix,8.28E-13
2020,Apr,Mexico,Regular,Arroz,Centro,ABYT057271,Atole mix,-1.42E-13
2020,Jun,Mexico,Regular,Arroz,Centro,ABYT057271,Atole mix,1629.700512
2020,Jun,Mexico,Regular,Arroz,Centro,ABYT057271,Atole mix,-1.71E-13
2020,Mar,Mexico,Regular,Verde,Centro,206054370,Tamal mix,-7.96E-13
2020,Feb,Mexico,Regular,Cajeta,Centro,ABYT055818,Atole mix,-1.56E-12
2020,Apr,Mexico,Regular,Cajeta,Centro,ABYT055818,Atole mix,9.95E-14
2020,Apr,Mexico,Regular,Cajeta,Centro,ABYT055818,Atole mix,2.14E-12
2020,Jun,Mexico,Regular,Cajeta,Centro,ABYT055818,Atole mix,1966.890012
2019,Sep,Mexico,Regular,Arroz,Centro,ABYT057271,Atole mix,1.22E-11
2019,Oct,Mexico,Regular,Arroz,Centro,ABYT057271,Atole mix,7573.617422
2019,Dec,Mexico,Regular,Arroz,Centro,ABYT057271,Atole mix,10041.21162
2019,Dec,Mexico,Regular,Arroz,Centro,ABYT057271,Atole mix,24230.37993
2020,Jan,Mexico,Regular,Arroz,Centro,ABYT057271,Atole mix,5961.782206
2020,Jul,Mexico,Regular,Arroz,Centro,ABYT057271,Atole mix,-1.34E-12
2019,Jan,Mexico,Regular,Arroz,Centro,ABYT057271,Atole mix,6.12E-12
2019,Jan,Mexico,Regular,Arroz,Centro,ABYT057271,Atole mix,38706.23059
2019,Feb,Mexico,Regular,Arroz,Centro,ABYT057271,Atole mix,34008.09793
2019,Mar,Mexico,Regular,Arroz,Centro,ABYT057271,Atole mix,-7.39E-14
2019,Aug,Mexico,Regular,Arroz,Centro,ABYT057271,Atole mix,368369.6766
2019,Oct,Mexico,Regular,Arroz,Centro,ABYT057271,Atole mix,10291.04101
2019,Nov,Mexico,Regular,Arroz,Centro,ABYT057271,Atole mix,-2.06E-12
2020,Feb,Mexico,Regular,Arroz,Centro,ABYT057271,Atole mix,115462.4749
2020,Feb,Mexico,Regular,Arroz,Centro,ABYT057271,Atole mix,3001.322471
2019,Jan,Mexico,Regular,Arroz,Centro,ABYT057271,Atole mix,2.77E-12
2019,Apr,Mexico,Regular,Arroz,Centro,ABYT057271,Atole mix,309.61603
2019,Jul,Mexico,Regular,Arroz,Centro,ABYT057271,Atole mix,4.57E-13
2019,Feb,Mexico,Regular,Arroz,Centro,ABYT057271,Atole mix,191353.6779
2019,Mar,Mexico,Regular,Arroz,Centro,ABYT057271,Atole mix,4.16E-12
2019,Dec,Mexico,Regular,Arroz,Centro,ABYT057271,Atole mix,204990.7983
2019,May,Mexico,Regular,Arroz,Centro,ABYT057271,Atole mix,120985.2429
2019,Sep,Mexico,Regular,Arroz,Centro,ABYT057271,Atole mix,1.42E-14
2019,Oct,Mexico,Regular,Arroz,Centro,ABYT057271,Atole mix,-3.58E-13
2019,Jul,Mexico,Regular,Arroz,Centro,ABYT057271,Atole mix,38.041569
2019,Aug,Mexico,Regular,Arroz,Centro,ABYT057271,Atole mix,57.766827
2020,Jan,Mexico,Regular,Arroz,Centro,ABYT057271,Atole mix,19464.24294
2020,Mar,Mexico,Regular,Arroz,Centro,ABYT057271,Atole mix,1.03E-12
2020,Mar,Mexico,Regular,Arroz,Centro,ABYT057271,Atole mix,31380.40788
2020,Apr,Mexico,Regular,Arroz,Centro,ABYT057271,Atole mix,10508.73787
2020,Jul,Mexico,Regular,Arroz,Centro,ABYT057271,Atole mix,4075.07927
2019,Aug,Mexico,Regular,Cajeta,Centro,ABYT055818,Atole mix,7.64E-13
2019,Sep,Mexico,Regular,Cajeta,Centro,ABYT055818,Atole mix,4253.617011
2019,Oct,Mexico,Regular,Cajeta,Centro,ABYT055818,Atole mix,1004.579211
2019,Nov,Mexico,Regular,Cajeta,Centro,ABYT055818,Atole mix,4100.598404
2019,Dec,Mexico,Regular,Cajeta,Centro,ABYT055818,Atole mix,1.39E-13
2020,Mar,Mexico,Regular,Cajeta,Centro,ABYT055818,Atole mix,3023.515717
2020,Jun,Mexico,Regular,Cajeta,Centro,ABYT055818,Atole mix,3.02E-14
2020,Jul,Mexico,Regular,Cajeta,Centro,ABYT055818,Atole mix,8.53E-14
2019,May,Mexico,Regular,Arroz,Centro,ABYT057271,Atole mix,16585.3403
2019,Jun,Mexico,Regular,Arroz,Centro,ABYT057271,Atole mix,9980.803117
2019,Sep,Mexico,Regular,Arroz,Centro,ABYT057271,Atole mix,21812.62233
2019,Nov,Mexico,Regular,Arroz,Centro,ABYT057271,Atole mix,-2.61E-13
2019,Feb,Mexico,Regular,Arroz,Centro,ABYT057271,Atole mix,6.87E-13
2019,Mar,Mexico,Regular,Arroz,Centro,ABYT057271,Atole mix,17462.13275
2019,Jun,Mexico,Regular,Arroz,Centro,ABYT057271,Atole mix,1.06E-11
2019,Jul,Mexico,Regular,Arroz,Centro,ABYT057271,Atole mix,-4.44E-15
2020,Mar,Mexico,Regular,Arroz,Centro,ABYT057271,Atole mix,175700.2284
2020,Aug,Mexico,Regular,Arroz,Centro,ABYT057271,Atole mix,115520.0444
2019,Feb,Mexico,Regular,Arroz,Centro,ABYT057271,Atole mix,3.77E-13
2020,May,Mexico,Regular,Arroz,Centro,ABYT057271,Atole mix,3125.74818
2019,Jun,Mexico,Regular,Arroz,Centro,ABYT057271,Atole mix,2.44E-15
2019,Oct,Mexico,Regular,Arroz,Centro,ABYT057271,Atole mix,178276.4311
2019,Oct,Mexico,Regular,Arroz,Centro,ABYT057271,Atole mix,-7.78E-11
2019,Oct,Mexico,Regular,Arroz,Centro,ABYT057271,Atole mix,8.72E-13
2020,Jan,Mexico,Regular,Arroz,Centro,ABYT057271,Atole mix,-4.00E-11
2019,Feb,Mexico,Regular,Arroz,Centro,ABYT057271,Atole mix,94.04719
2019,Mar,Mexico,Regular,Arroz,Centro,ABYT057271,Atole mix,-4.73E-12
2020,Apr,Mexico,Regular,Arroz,Centro,ABYT057271,Atole mix,2.36E-11
2019,Feb,Mexico,Regular,Arroz,Centro,ABYT057271,Atole mix,934659.0453
2019,Nov,Mexico,Regular,Arroz,Centro,ABYT057271,Atole mix,-8.82E-13
2020,May,Mexico,Regular,Arroz,Centro,ABYT057271,Atole mix,11961.16957
2019,Jan,Mexico,Regular,Arroz,Centro,ABYT057271,Atole mix,4516.484207
2019,Nov,Mexico,Regular,Arroz,Centro,ABYT057271,Atole mix,1.00E-12
2020,Jul,Mexico,Regular,Arroz,Centro,ABYT057271,Atole mix,2369.995964
2020,Feb,Mexico,Regular,Verde,Centro,206054370,Tamal mix,5739.598214
2020,Apr,Mexico,Regular,Verde,Centro,206054370,Tamal mix,-2.70E-13
2020,Jul,Mexico,Regular,Verde,Centro,206054370,Tamal mix,4693.966378
2019,Feb,Mexico,Regular,Arroz,Centro,ABYT057271,Atole mix,-4.05E-14
2019,Feb,Mexico,Regular,Arroz,Centro,ABYT057271,Atole mix,20082.96321
2019,Mar,Mexico,Regular,Arroz,Centro,ABYT057271,Atole mix,1.96E-13
2019,Jun,Mexico,Regular,Arroz,Centro,ABYT057271,Atole mix,1.50E-13
2019,Aug,Mexico,Regular,Arroz,Centro,ABYT057271,Atole mix,-4.44E-16
2019,Oct,Mexico,Regular,Arroz,Centro,ABYT057271,Atole mix,-8.41E-12
2020,Jan,Mexico,Regular,Arroz,Centro,ABYT057271,Atole mix,2.13E-14
2020,Jan,Mexico,Regular,Arroz,Centro,ABYT057271,Atole mix,257.837301
2020,Aug,Mexico,Regular,Arroz,Centro,ABYT057271,Atole mix,33.910164
2019,Jan,Mexico,Regular,Arroz,Centro,ABYT057271,Atole mix,14641.14132
2019,Jan,Mexico,Regular,Arroz,Centro,ABYT057271,Atole mix,14717.28034
2019,Aug,Mexico,Regular,Arroz,Centro,ABYT057271,Atole mix,-6.20E-13
2019,Nov,Mexico,Regular,Arroz,Centro,ABYT057271,Atole mix,17357.17583
2019,Nov,Mexico,Regular,Arroz,Centro,ABYT057271,Atole mix,-9.16E-14
2020,Feb,Mexico,Regular,Arroz,Centro,ABYT057271,Atole mix,-7.96E-13
2020,Apr,Mexico,Regular,Arroz,Centro,ABYT057271,Atole mix,2.61E-12
2019,Jan,Mexico,Regular,Arroz,Centro,ABYT057271,Atole mix,7.11E-14
2019,Nov,Mexico,Regular,Arroz,Centro,ABYT057271,Atole mix,12790.55178
2020,Jan,Mexico,Regular,Arroz,Centro,ABYT057271,Atole mix,6.11E-10
2020,Feb,Mexico,Regular,Arroz,Centro,ABYT057271,Atole mix,1.42E-14
2020,Jun,Mexico,Regular,Arroz,Centro,ABYT057271,Atole mix,285238.787
2020,Jul,Mexico,Regular,Arroz,Centro,ABYT057271,Atole mix,1.36E-12
2019,Aug,Mexico,Regular,Arroz,Centro,ABYT057271,Atole mix,2.52E-12
2019,Sep,Mexico,Regular,Arroz,Centro,ABYT057271,Atole mix,-1.36E-11
2019,Nov,Mexico,Regular,Arroz,Centro,ABYT057271,Atole mix,-8.88E-13
2020,Aug,Mexico,Regular,Arroz,Centro,ABYT057271,Atole mix,29933.38709
2019,Aug,Mexico,Regular,Arroz,Centro,ABYT057271,Atole mix,366.67837
2019,Dec,Mexico,Regular,Arroz,Centro,ABYT057271,Atole mix,3.03E-13
2020,Aug,Mexico,Regular,Arroz,Centro,ABYT057271,Atole mix,153861.5805
2019,Oct,Mexico,Regular,Arroz,Centro,ABYT057271,Atole mix,135677.7086
2019,Oct,Mexico,Regular,Cajeta,Centro,ABYT055818,Atole mix,4.12E-13
2019,Jul,Mexico,Regular,Arroz,Centro,ABYT057271,Atole mix,27569.31447
2019,Nov,Mexico,Regular,Arroz,Centro,ABYT057271,Atole mix,936566.0181
2019,Dec,Mexico,Regular,Arroz,Centro,ABYT057271,Atole mix,342835.8223
2020,May,Mexico,Regular,Arroz,Centro,ABYT057271,Atole mix,1143511.9
2019,Oct,Mexico,Regular,Arroz,Centro,ABYT057271,Atole mix,3.50E-12
2020,May,Mexico,Regular,Arroz,Centro,ABYT057271,Atole mix,1068.49237
2019,Dec,Mexico,Regular,Verde,Centro,206054370,Tamal mix,4.05E-13
2019,Feb,Mexico,Regular,Arroz,Centro,ABYT057271,Atole mix,16226.38397
2019,Aug,Mexico,Regular,Arroz,Centro,ABYT057271,Atole mix,-4.26E-13
2019,Oct,Mexico,Regular,Arroz,Centro,ABYT057271,Atole mix,26003.32175
2019,Dec,Mexico,Regular,Arroz,Centro,ABYT057271,Atole mix,29936.17021
2019,Dec,Mexico,Regular,Arroz,Centro,ABYT057271,Atole mix,0
2020,Jan,Mexico,Regular,Arroz,Centro,ABYT057271,Atole mix,-5.91E-12
2020,Feb,Mexico,Regular,Arroz,Centro,ABYT057271,Atole mix,5.68E-14
2020,Aug,Mexico,Regular,Arroz,Centro,ABYT057271,Atole mix,646.119868
2020,Apr,Mexico,Regular,Cajeta,Centro,ABYT055818,Atole mix,5341.672248
2020,Mar,Mexico,Regular,Arroz,Centro,ABYT057271,Atole mix,175843.2787
2020,Mar,Mexico,Regular,Arroz,Centro,ABYT057271,Atole mix,4388.51663
2020,Jul,Mexico,Regular,Arroz,Centro,ABYT057271,Atole mix,0
2019,Feb,Mexico,Regular,Arroz,Centro,ABYT057271,Atole mix,-1.45E-13
2019,Mar,Mexico,Regular,Arroz,Centro,ABYT057271,Atole mix,1028337.4
2019,Apr,Mexico,Regular,Arroz,Centro,ABYT057271,Atole mix,-4.55E-13
2020,Feb,Mexico,Regular,Arroz,Centro,ABYT057271,Atole mix,-1.14E-13
2020,Mar,Mexico,Regular,Arroz,Centro,ABYT057271,Atole mix,303273.6671
2019,Jan,Mexico,Regular,Arroz,Centro,ABYT057271,Atole mix,8.88E-16
2019,Feb,Mexico,Regular,Arroz,Centro,ABYT057271,Atole mix,-4.42E-14
2019,Jun,Mexico,Regular,Arroz,Centro,ABYT057271,Atole mix,5865.285737
2020,Feb,Mexico,Regular,Arroz,Centro,ABYT057271,Atole mix,-5.68E-14
2020,Jul,Mexico,Regular,Arroz,Centro,ABYT057271,Atole mix,-7.11E-15
2019,Jan,Mexico,Regular,Verde,Centro,206054370,Tamal mix,6597.472384
2019,Nov,Mexico,Regular,Verde,Centro,206054370,Tamal mix,-5.57E-14
2019,Feb,Mexico,Regular,Arroz,Centro,ABYT057271,Atole mix,-2.60E-13
2019,Apr,Mexico,Regular,Arroz,Centro,ABYT057271,Atole mix,1.73E-13
2019,May,Mexico,Regular,Arroz,Centro,ABYT057271,Atole mix,1.19E-13
2019,Jun,Mexico,Regular,Arroz,Centro,ABYT057271,Atole mix,-1.63E-13
2020,Jan,Mexico,Regular,Arroz,Centro,ABYT057271,Atole mix,6.82E-12
2020,Feb,Mexico,Regular,Arroz,Centro,ABYT057271,Atole mix,-3.75E-12
2020,Mar,Mexico,Regular,Arroz,Centro,ABYT057271,Atole mix,20721.14932
2020,Jul,Mexico,Regular,Arroz,Centro,ABYT057271,Atole mix,6.82E-12
2020,Aug,Mexico,Regular,Arroz,Centro,ABYT057271,Atole mix,-1269.108845
2019,Feb,Mexico,Regular,Arroz,Centro,ABYT057271,Atole mix,-1.11E-16
2019,Mar,Mexico,Regular,Arroz,Centro,ABYT057271,Atole mix,3.83E-12
2019,Jul,Mexico,Regular,Arroz,Centro,ABYT057271,Atole mix,409089.7217
2019,Jul,Mexico,Regular,Arroz,Centro,ABYT057271,Atole mix,-2.89E-11
2019,Oct,Mexico,Regular,Arroz,Centro,ABYT057271,Atole mix,-3.55E-13
2019,Nov,Mexico,Regular,Arroz,Centro,ABYT057271,Atole mix,430584.5574
2020,Jan,Mexico,Regular,Arroz,Centro,ABYT057271,Atole mix,128659.7261
2020,Apr,Mexico,Regular,Arroz,Centro,ABYT057271,Atole mix,-9.09E-13
2020,Jul,Mexico,Regular,Arroz,Centro,ABYT057271,Atole mix,1.09E-11
2020,Jul,Mexico,Regular,Arroz,Centro,ABYT057271,Atole mix,9430.350167
2020,Aug,Mexico,Regular,Arroz,Centro,ABYT057271,Atole mix,364605.7498
2019,Aug,Mexico,Regular,Arroz,Centro,ABYT057271,Atole mix,-1.14E-13
2019,Oct,Mexico,Regular,Arroz,Centro,ABYT057271,Atole mix,6.71E-12
2020,Feb,Mexico,Regular,Arroz,Centro,ABYT057271,Atole mix,-5.23E-12
2020,Apr,Mexico,Regular,Arroz,Centro,ABYT057271,Atole mix,6.54E-12
2019,Jan,Mexico,Regular,Arroz,Centro,ABYT057271,Atole mix,-1.37E-11
2020,Jan,Mexico,Regular,Arroz,Centro,ABYT057271,Atole mix,147254.3349
2020,Apr,Mexico,Regular,Arroz,Centro,ABYT057271,Atole mix,72.91299
2020,May,Mexico,Regular,Arroz,Centro,ABYT057271,Atole mix,1247.97451
2019,Feb,Mexico,Regular,Arroz,Centro,ABYT057271,Atole mix,3.13E-12
2019,Jul,Mexico,Regular,Arroz,Centro,ABYT057271,Atole mix,460.72556
2019,Mar,Mexico,Regular,Arroz,Centro,ABYT057271,Atole mix,17896.17011
2019,May,Mexico,Regular,Arroz,Centro,ABYT057271,Atole mix,11764.11055
2019,Jun,Mexico,Regular,Arroz,Centro,ABYT057271,Atole mix,31791.52599
2019,Oct,Mexico,Regular,Arroz,Centro,ABYT057271,Atole mix,2.96E-12
2019,Oct,Mexico,Regular,Arroz,Centro,ABYT057271,Atole mix,634.02615
2019,Nov,Mexico,Regular,Arroz,Centro,ABYT057271,Atole mix,12731.31668
2019,Dec,Mexico,Regular,Arroz,Centro,ABYT057271,Atole mix,1.59E-12
2020,Mar,Mexico,Regular,Arroz,Centro,ABYT057271,Atole mix,1489.333685
2020,Apr,Mexico,Regular,Arroz,Centro,ABYT057271,Atole mix,27696.8926
2020,Apr,Mexico,Regular,Arroz,Centro,ABYT057271,Atole mix,0
2020,May,Mexico,Regular,Arroz,Centro,ABYT057271,Atole mix,-1.14E-13
2020,Jun,Mexico,Regular,Arroz,Centro,ABYT057271,Atole mix,588.939846
2020,Aug,Mexico,Regular,Arroz,Centro,ABYT057271,Atole mix,375.541335
2020,Aug,Mexico,Regular,Arroz,Centro,ABYT057271,Atole mix,10209.74615
2019,Apr,Mexico,Regular,Cajeta,Centro,ABYT055818,Atole mix,4503.169665
2019,Jul,Mexico,Regular,Cajeta,Centro,ABYT055818,Atole mix,7.02E-13
2020,Feb,Mexico,Regular,Cajeta,Centro,ABYT055818,Atole mix,3916.87266
2020,Mar,Mexico,Regular,Cajeta,Centro,ABYT055818,Atole mix,1.15E-12
2020,Aug,Mexico,Regular,Cajeta,Centro,ABYT055818,Atole mix,330.961572
2019,Jan,Mexico,Regular,Arroz,Centro,ABYT057271,Atole mix,4.47E-13
2019,Sep,Mexico,Regular,Arroz,Centro,ABYT057271,Atole mix,21171.86743
2020,Mar,Mexico,Regular,Arroz,Centro,ABYT057271,Atole mix,-7.50E-12
2019,Apr,Mexico,Regular,Arroz,Centro,ABYT057271,Atole mix,414994.8074
2019,May,Mexico,Regular,Arroz,Centro,ABYT057271,Atole mix,45.174381
2019,Aug,Mexico,Regular,Arroz,Centro,ABYT057271,Atole mix,-1.01E-12
2019,Nov,Mexico,Regular,Arroz,Centro,ABYT057271,Atole mix,-8.71E-13
2020,May,Mexico,Regular,Arroz,Centro,ABYT057271,Atole mix,-3.64E-12
2019,Feb,Mexico,Regular,Arroz,Centro,ABYT057271,Atole mix,50.72208
2020,Jan,Mexico,Regular,Arroz,Centro,ABYT057271,Atole mix,20978.2296
2020,Mar,Mexico,Regular,Arroz,Centro,ABYT057271,Atole mix,575.90695
2020,Jul,Mexico,Regular,Arroz,Centro,ABYT057271,Atole mix,684.74808
2020,Jul,Mexico,Regular,Arroz,Centro,ABYT057271,Atole mix,1.14E-13
2019,Apr,Mexico,Regular,Arroz,Centro,ABYT057271,Atole mix,167700.6801
2019,Apr,Mexico,Regular,Arroz,Centro,ABYT057271,Atole mix,1.20E-12
2019,Aug,Mexico,Regular,Arroz,Centro,ABYT057271,Atole mix,-1.55E-13
2020,Apr,Mexico,Regular,Arroz,Centro,ABYT057271,Atole mix,3.09E-11
2020,Jul,Mexico,Regular,Arroz,Centro,ABYT057271,Atole mix,186524.6373
2020,Aug,Mexico,Regular,Arroz,Centro,ABYT057271,Atole mix,60976.75312
2019,Mar,Mexico,Regular,Arroz,Centro,ABYT057271,Atole mix,7.33E-15
2019,May,Mexico,Regular,Arroz,Centro,ABYT057271,Atole mix,9.81E-13
2019,Nov,Mexico,Regular,Arroz,Centro,ABYT057271,Atole mix,1.69E-14
2020,Jan,Mexico,Regular,Arroz,Centro,ABYT057271,Atole mix,99827.45704
2019,Jun,Mexico,Regular,Arroz,Centro,ABYT057271,Atole mix,2.43E-13
2019,Jul,Mexico,Regular,Arroz,Centro,ABYT057271,Atole mix,6.66E-15
2019,Sep,Mexico,Regular,Arroz,Centro,ABYT057271,Atole mix,1120514.636
2019,Oct,Mexico,Regular,Arroz,Centro,ABYT057271,Atole mix,1065967.982
2020,Jan,Mexico,Regular,Arroz,Centro,ABYT057271,Atole mix,-1.82E-12
2020,Aug,Mexico,Regular,Arroz,Centro,ABYT057271,Atole mix,4463.934618
2019,May,Mexico,Regular,Arroz,Centro,ABYT057271,Atole mix,2.91E-14
2019,Sep,Mexico,Regular,Arroz,Centro,ABYT057271,Atole mix,-4.90E-13
2019,Dec,Mexico,Regular,Arroz,Centro,ABYT057271,Atole mix,15995.53205
2020,Jul,Mexico,Regular,Arroz,Centro,ABYT057271,Atole mix,1017.61173
2020,Jul,Mexico,Regular,Arroz,Centro,ABYT057271,Atole mix,1.07E-14
2019,Jan,Mexico,Regular,Arroz,Centro,ABYT057271,Atole mix,19980.80322
2019,Jan,Mexico,Regular,Arroz,Centro,ABYT057271,Atole mix,95.808396
2019,Aug,Mexico,Regular,Arroz,Centro,ABYT057271,Atole mix,-2.48E-12
2019,Sep,Mexico,Regular,Arroz,Centro,ABYT057271,Atole mix,-7.67E-12
2020,Feb,Mexico,Regular,Arroz,Centro,ABYT057271,Atole mix,84.53682
2020,Apr,Mexico,Regular,Arroz,Centro,ABYT057271,Atole mix,3.41E-13
2020,Apr,Mexico,Regular,Arroz,Centro,ABYT057271,Atole mix,-2.73E-13
2020,Feb,Mexico,Regular,Cajeta,Centro,ABYT055818,Atole mix,2461.287872
2020,Jul,Mexico,Regular,Cajeta,Centro,ABYT055818,Atole mix,2189.291778
2020,Apr,Mexico,Regular,Arroz,Centro,ABYT057271,Atole mix,147.9394
2020,Jul,Mexico,Regular,Arroz,Centro,ABYT057271,Atole mix,127427.095
2019,Mar,Mexico,Regular,Arroz,Centro,ABYT057271,Atole mix,-9.26E-12
2019,Apr,Mexico,Regular,Arroz,Centro,ABYT057271,Atole mix,2.48E-11
2019,May,Mexico,Regular,Arroz,Centro,ABYT057271,Atole mix,1206.235226
2019,Sep,Mexico,Regular,Arroz,Centro,ABYT057271,Atole mix,-2.87E-10
2019,Sep,Mexico,Regular,Arroz,Centro,ABYT057271,Atole mix,5630.415968
2019,Dec,Mexico,Regular,Arroz,Centro,ABYT057271,Atole mix,1270901.247
2020,Jan,Mexico,Regular,Arroz,Centro,ABYT057271,Atole mix,783889.9648
2020,Apr,Mexico,Regular,Arroz,Centro,ABYT057271,Atole mix,1182312.115
2020,Apr,Mexico,Regular,Arroz,Centro,ABYT057271,Atole mix,-1.84E-10
2020,Aug,Mexico,Regular,Arroz,Centro,ABYT057271,Atole mix,5154.573269
2020,Jun,Mexico,Regular,Arroz,Centro,ABYT057271,Atole mix,6.39E-14
2020,Feb,Mexico,Regular,Verde,Centro,206054370,Tamal mix,-2.50E-12
2019,Mar,Mexico,Regular,Arroz,Centro,ABYT057271,Atole mix,20104.59234
2019,Mar,Mexico,Regular,Arroz,Centro,ABYT057271,Atole mix,19155.14437
2019,May,Mexico,Regular,Arroz,Centro,ABYT057271,Atole mix,8266.995418
2020,Feb,Mexico,Regular,Arroz,Centro,ABYT057271,Atole mix,17239.7589
2020,May,Mexico,Regular,Arroz,Centro,ABYT057271,Atole mix,13962.29937
2020,Jul,Mexico,Regular,Arroz,Centro,ABYT057271,Atole mix,13092.8062
2020,Aug,Mexico,Regular,Arroz,Centro,ABYT057271,Atole mix,4015.174638
2019,Feb,Mexico,Regular,Arroz,Centro,ABYT057271,Atole mix,369162.505
2019,Oct,Mexico,Regular,Arroz,Centro,ABYT057271,Atole mix,-1.25E-11
2019,Dec,Mexico,Regular,Arroz,Centro,ABYT057271,Atole mix,-2.79E-12
2020,Apr,Mexico,Regular,Arroz,Centro,ABYT057271,Atole mix,12285.31557
2019,Mar,Mexico,Regular,Arroz,Centro,ABYT057271,Atole mix,-1.11E-15
2019,May,Mexico,Regular,Arroz,Centro,ABYT057271,Atole mix,33298.87645
2020,Feb,Mexico,Regular,Arroz,Centro,ABYT057271,Atole mix,38285.77249
2020,Mar,Mexico,Regular,Arroz,Centro,ABYT057271,Atole mix,52806.08118
2020,Mar,Mexico,Regular,Arroz,Centro,ABYT057271,Atole mix,-1.31E-11
2019,Apr,Mexico,Regular,Arroz,Centro,ABYT057271,Atole mix,0
2019,Aug,Mexico,Regular,Arroz,Centro,ABYT057271,Atole mix,199855.2488
2020,Feb,Mexico,Regular,Arroz,Centro,ABYT057271,Atole mix,-4.73E-11
2020,Feb,Mexico,Regular,Arroz,Centro,ABYT057271,Atole mix,184.92425
2020,Mar,Mexico,Regular,Arroz,Centro,ABYT057271,Atole mix,239515.1143
2020,Jun,Mexico,Regular,Arroz,Centro,ABYT057271,Atole mix,1113.064344
2020,Aug,Mexico,Regular,Arroz,Centro,ABYT057271,Atole mix,271.780605
2019,Jan,Mexico,Regular,Arroz,Centro,ABYT057271,Atole mix,0
2019,Apr,Mexico,Regular,Arroz,Centro,ABYT057271,Atole mix,0
2020,Apr,Mexico,Regular,Arroz,Centro,ABYT057271,Atole mix,1.02E-12
2020,Jun,Mexico,Regular,Arroz,Centro,ABYT057271,Atole mix,15034.49476
2020,Aug,Mexico,Regular,Arroz,Centro,ABYT057271,Atole mix,0
2020,Jan,Mexico,Regular,Cajeta,Centro,ABYT055818,Atole mix,0
2019,Dec,Mexico,Regular,Arroz,Centro,ABYT057271,Atole mix,-7.11E-14
2020,Apr,Mexico,Regular,Arroz,Centro,ABYT057271,Atole mix,171140.5036
2020,Apr,Mexico,Regular,Arroz,Centro,ABYT057271,Atole mix,-5.68E-14
2020,Jul,Mexico,Regular,Arroz,Centro,ABYT057271,Atole mix,-2.46E-11
2019,Sep,Mexico,Regular,Arroz,Centro,ABYT057271,Atole mix,-3.55E-11
2019,Dec,Mexico,Regular,Arroz,Centro,ABYT057271,Atole mix,4.55E-11
2020,Jan,Mexico,Regular,Arroz,Centro,ABYT057271,Atole mix,-1.89E-10
2020,Feb,Mexico,Regular,Arroz,Centro,ABYT057271,Atole mix,291631.8825
2020,Jun,Mexico,Regular,Arroz,Centro,ABYT057271,Atole mix,-2.91E-11
2020,Jul,Mexico,Regular,Arroz,Centro,ABYT057271,Atole mix,1136024.539
2020,Jul,Mexico,Regular,Arroz,Centro,ABYT057271,Atole mix,0
2020,Aug,Mexico,Regular,Arroz,Centro,ABYT057271,Atole mix,3210.551183
2019,Apr,Mexico,Regular,Arroz,Centro,ABYT057271,Atole mix,-1.55E-15
2020,Jul,Mexico,Regular,Arroz,Centro,ABYT057271,Atole mix,4708.166121
2019,Apr,Mexico,Regular,Arroz,Centro,ABYT057271,Atole mix,-1.70E-13
2019,May,Mexico,Regular,Arroz,Centro,ABYT057271,Atole mix,4.35E-13
2019,Jun,Mexico,Regular,Arroz,Centro,ABYT057271,Atole mix,20902.42659
2019,Jul,Mexico,Regular,Arroz,Centro,ABYT057271,Atole mix,15955.52486
2019,Oct,Mexico,Regular,Arroz,Centro,ABYT057271,Atole mix,-5.57E-12
2019,Nov,Mexico,Regular,Arroz,Centro,ABYT057271,Atole mix,16376.0501
2019,Dec,Mexico,Regular,Arroz,Centro,ABYT057271,Atole mix,-4.97E-13
2020,Feb,Mexico,Regular,Arroz,Centro,ABYT057271,Atole mix,16082.91938
2020,Jun,Mexico,Regular,Arroz,Centro,ABYT057271,Atole mix,34611.61498
2020,Jul,Mexico,Regular,Arroz,Centro,ABYT057271,Atole mix,28297.44074
2019,May,Mexico,Regular,Arroz,Centro,ABYT057271,Atole mix,6.24E-13
2020,Feb,Mexico,Regular,Arroz,Centro,ABYT057271,Atole mix,6.44E-10
2020,Mar,Mexico,Regular,Arroz,Centro,ABYT057271,Atole mix,1.37E-13
2020,Jun,Mexico,Regular,Arroz,Centro,ABYT057271,Atole mix,661286.8355
2019,Apr,Mexico,Regular,Arroz,Centro,ABYT057271,Atole mix,1.26E-12
2019,Aug,Mexico,Regular,Arroz,Centro,ABYT057271,Atole mix,-3.26E-11
2020,Jan,Mexico,Regular,Arroz,Centro,ABYT057271,Atole mix,0
2019,Jan,Mexico,Regular,Arroz,Centro,ABYT057271,Atole mix,-1.67E-16
2019,Jun,Mexico,Regular,Arroz,Centro,ABYT057271,Atole mix,181867.674
2019,Jun,Mexico,Regular,Arroz,Centro,ABYT057271,Atole mix,-1.90E-12
2019,Aug,Mexico,Regular,Arroz,Centro,ABYT057271,Atole mix,128653.8296
2019,Apr,Mexico,Regular,Arroz,Centro,ABYT057271,Atole mix,47.904198
2019,Jun,Mexico,Regular,Arroz,Centro,ABYT057271,Atole mix,23.952099
2019,Aug,Mexico,Regular,Arroz,Centro,ABYT057271,Atole mix,12275.12212
2019,Nov,Mexico,Regular,Arroz,Centro,ABYT057271,Atole mix,-1.24E-12
2020,Jan,Mexico,Regular,Arroz,Centro,ABYT057271,Atole mix,2.84E-14
2020,Feb,Mexico,Regular,Arroz,Centro,ABYT057271,Atole mix,7.11E-15
2020,Mar,Mexico,Regular,Arroz,Centro,ABYT057271,Atole mix,45.086304
2019,Feb,Mexico,Regular,Arroz,Centro,ABYT057271,Atole mix,7724.022527
2019,Jul,Mexico,Regular,Arroz,Centro,ABYT057271,Atole mix,-2.26E-12
2019,Aug,Mexico,Regular,Arroz,Centro,ABYT057271,Atole mix,18206.93687
2019,Sep,Mexico,Regular,Arroz,Centro,ABYT057271,Atole mix,-2.96E-12
2019,Dec,Mexico,Regular,Arroz,Centro,ABYT057271,Atole mix,8.38E-13
2020,Jan,Mexico,Regular,Arroz,Centro,ABYT057271,Atole mix,-1.02E-12
2020,Feb,Mexico,Regular,Arroz,Centro,ABYT057271,Atole mix,4.66E-12
2020,Jun,Mexico,Regular,Arroz,Centro,ABYT057271,Atole mix,-1.62E-12
2020,Aug,Mexico,Regular,Arroz,Centro,ABYT057271,Atole mix,6392.685563
2020,Aug,Mexico,Regular,Arroz,Centro,ABYT057271,Atole mix,7246.001501
2019,Mar,Mexico,Regular,Arroz,Centro,ABYT057271,Atole mix,442909.4083
2019,Apr,Mexico,Regular,Arroz,Centro,ABYT057271,Atole mix,-3.55E-14
2019,Jun,Mexico,Regular,Arroz,Centro,ABYT057271,Atole mix,530844.6087
2019,Jul,Mexico,Regular,Arroz,Centro,ABYT057271,Atole mix,19274.79883
2019,Aug,Mexico,Regular,Arroz,Centro,ABYT057271,Atole mix,57524.12227
2019,Aug,Mexico,Regular,Arroz,Centro,ABYT057271,Atole mix,7999.828102
2020,Mar,Mexico,Regular,Arroz,Centro,ABYT057271,Atole mix,1.50E-11
2020,Mar,Mexico,Regular,Arroz,Centro,ABYT057271,Atole mix,14456.60238
2020,Apr,Mexico,Regular,Arroz,Centro,ABYT057271,Atole mix,534421.7623
2020,Apr,Mexico,Regular,Arroz,Centro,ABYT057271,Atole mix,2.82E-11
2020,May,Mexico,Regular,Arroz,Centro,ABYT057271,Atole mix,465144.7212
2020,May,Mexico,Regular,Arroz,Centro,ABYT057271,Atole mix,213509.3122
2020,Jun,Mexico,Regular,Arroz,Centro,ABYT057271,Atole mix,1.03E-12
2020,Jul,Mexico,Regular,Arroz,Centro,ABYT057271,Atole mix,225840.0612
2019,Jan,Mexico,Regular,Arroz,Centro,ABYT057271,Atole mix,4.22684
2019,Jun,Mexico,Regular,Arroz,Centro,ABYT057271,Atole mix,2.89E-15
2019,Jan,Mexico,Regular,Arroz,Centro,ABYT057271,Atole mix,173025.5701
2019,Feb,Mexico,Regular,Arroz,Centro,ABYT057271,Atole mix,11026.76885
2020,Mar,Mexico,Regular,Arroz,Centro,ABYT057271,Atole mix,-4.09E-11
2020,Jun,Mexico,Regular,Arroz,Centro,ABYT057271,Atole mix,255855.9087
2019,Apr,Mexico,Regular,Arroz,Centro,ABYT057271,Atole mix,136277.8655
2019,Jul,Mexico,Regular,Arroz,Centro,ABYT057271,Atole mix,127256.394
2019,Oct,Mexico,Regular,Arroz,Centro,ABYT057271,Atole mix,1930.60917
2019,Jan,Mexico,Regular,Cajeta,Centro,ABYT055818,Atole mix,4835.082276
2019,Jan,Mexico,Regular,Cajeta,Centro,ABYT055818,Atole mix,-8.30E-13
2019,Aug,Mexico,Regular,Cajeta,Centro,ABYT055818,Atole mix,5923.39421
2019,Dec,Mexico,Regular,Cajeta,Centro,ABYT055818,Atole mix,7.70E-14
2020,Jan,Mexico,Regular,Cajeta,Centro,ABYT055818,Atole mix,4818.59874
2020,Mar,Mexico,Regular,Cajeta,Centro,ABYT055818,Atole mix,4207.615385
2020,May,Mexico,Regular,Cajeta,Centro,ABYT055818,Atole mix,1.71E-13
2020,Jul,Mexico,Regular,Cajeta,Centro,ABYT055818,Atole mix,1768.228485
2020,May,Mexico,Regular,Arroz,Centro,ABYT057271,Atole mix,0
2020,Aug,Mexico,Regular,Arroz,Centro,ABYT057271,Atole mix,133.14546
2019,Apr,Mexico,Regular,Arroz,Centro,ABYT057271,Atole mix,70254.30764
2019,Nov,Mexico,Regular,Arroz,Centro,ABYT057271,Atole mix,192852.9213
2019,Nov,Mexico,Regular,Arroz,Centro,ABYT057271,Atole mix,2.76E-12
2020,Feb,Mexico,Regular,Arroz,Centro,ABYT057271,Atole mix,933165.9155
2020,Jul,Mexico,Regular,Arroz,Centro,ABYT057271,Atole mix,2.26E-10
2020,Jul,Mexico,Regular,Arroz,Centro,ABYT057271,Atole mix,395602.6361
2019,Feb,Mexico,Regular,Arroz,Centro,ABYT057271,Atole mix,0
2019,Aug,Mexico,Regular,Arroz,Centro,ABYT057271,Atole mix,5799.407269
2020,Jan,Mexico,Regular,Arroz,Centro,ABYT057271,Atole mix,4621.364892
2020,Mar,Mexico,Regular,Arroz,Centro,ABYT057271,Atole mix,-2.27E-13
2020,Apr,Mexico,Regular,Arroz,Centro,ABYT057271,Atole mix,5405.439413
2019,Jun,Mexico,Regular,Verde,Centro,206054370,Tamal mix,-2.59E-14
2020,May,Mexico,Regular,Verde,Centro,206054370,Tamal mix,3449.808349
2019,Apr,Mexico,Regular,Arroz,Centro,ABYT057271,Atole mix,-4.26E-13
2019,Jul,Mexico,Regular,Arroz,Centro,ABYT057271,Atole mix,18892.62087
2019,Jul,Mexico,Regular,Arroz,Centro,ABYT057271,Atole mix,-6.78E-12
2019,Sep,Mexico,Regular,Arroz,Centro,ABYT057271,Atole mix,293.060976
2020,Feb,Mexico,Regular,Arroz,Centro,ABYT057271,Atole mix,1.25E-12
2019,Apr,Mexico,Regular,Cajeta,Centro,ABYT055818,Atole mix,2.14E-14
2020,Feb,Mexico,Regular,Cajeta,Centro,ABYT055818,Atole mix,3.41E-13
2020,Aug,Mexico,Regular,Cajeta,Centro,ABYT055818,Atole mix,0
2019,Mar,Mexico,Regular,Arroz,Centro,ABYT057271,Atole mix,4.57E-13
2019,Apr,Mexico,Regular,Arroz,Centro,ABYT057271,Atole mix,16153.64714
2019,Oct,Mexico,Regular,Arroz,Centro,ABYT057271,Atole mix,18401.6363
2019,Oct,Mexico,Regular,Arroz,Centro,ABYT057271,Atole mix,-3.41E-12
2020,Feb,Mexico,Regular,Arroz,Centro,ABYT057271,Atole mix,6759.598331
2020,Apr,Mexico,Regular,Arroz,Centro,ABYT057271,Atole mix,16001.18254
2019,Jan,Mexico,Regular,Arroz,Centro,ABYT057271,Atole mix,95.10396
2019,Jul,Mexico,Regular,Arroz,Centro,ABYT057271,Atole mix,6.11E-13
2020,Jun,Mexico,Regular,Arroz,Centro,ABYT057271,Atole mix,-1.73E-11
2020,Jul,Mexico,Regular,Arroz,Centro,ABYT057271,Atole mix,6.91E-11
2019,Jun,Mexico,Regular,Arroz,Centro,ABYT057271,Atole mix,1052.48316
2019,Oct,Mexico,Regular,Arroz,Centro,ABYT057271,Atole mix,36002.57277
2020,Feb,Mexico,Regular,Arroz,Centro,ABYT057271,Atole mix,3.17013
2020,Mar,Mexico,Regular,Arroz,Centro,ABYT057271,Atole mix,-2.22E-16
2020,Apr,Mexico,Regular,Arroz,Centro,ABYT057271,Atole mix,6.39E-14
2019,Mar,Mexico,Regular,Arroz,Centro,ABYT057271,Atole mix,-9.28E-13
2019,Jun,Mexico,Regular,Arroz,Centro,ABYT057271,Atole mix,290.59525
2019,Nov,Mexico,Regular,Arroz,Centro,ABYT057271,Atole mix,6.71E-13
2019,Mar,Mexico,Regular,Arroz,Centro,ABYT057271,Atole mix,168805.872
2019,Mar,Mexico,Regular,Arroz,Centro,ABYT057271,Atole mix,1855.58276
2019,Apr,Mexico,Regular,Arroz,Centro,ABYT057271,Atole mix,-1.34E-12
2019,May,Mexico,Regular,Arroz,Centro,ABYT057271,Atole mix,239.87317
2019,Nov,Mexico,Regular,Arroz,Centro,ABYT057271,Atole mix,2448.749303
2020,Aug,Mexico,Regular,Arroz,Centro,ABYT057271,Atole mix,33718.72846
2019,Jan,Mexico,Regular,Arroz,Centro,ABYT057271,Atole mix,3.05E-12
2019,Feb,Mexico,Regular,Arroz,Centro,ABYT057271,Atole mix,59566.7427
2019,Apr,Mexico,Regular,Arroz,Centro,ABYT057271,Atole mix,347.129454
2019,May,Mexico,Regular,Arroz,Centro,ABYT057271,Atole mix,72045.43109
2019,Oct,Mexico,Regular,Arroz,Centro,ABYT057271,Atole mix,-5.09E-11
2019,Dec,Mexico,Regular,Arroz,Centro,ABYT057271,Atole mix,-2.27E-12
2019,Dec,Mexico,Regular,Arroz,Centro,ABYT057271,Atole mix,1.51E-12
2020,Jan,Mexico,Regular,Arroz,Centro,ABYT057271,Atole mix,248350.0976
2020,Apr,Mexico,Regular,Arroz,Centro,ABYT057271,Atole mix,11363.33815
2020,Jun,Mexico,Regular,Arroz,Centro,ABYT057271,Atole mix,467051.0261
2019,Jan,Mexico,Regular,Arroz,Centro,ABYT057271,Atole mix,0.563579
2019,Feb,Mexico,Regular,Arroz,Centro,ABYT057271,Atole mix,608.66532
2019,Jun,Mexico,Regular,Arroz,Centro,ABYT057271,Atole mix,1.17E-13
2019,Nov,Mexico,Regular,Arroz,Centro,ABYT057271,Atole mix,10501.83053
2020,May,Mexico,Regular,Arroz,Centro,ABYT057271,Atole mix,2.84E-14
2020,Aug,Mexico,Regular,Arroz,Centro,ABYT057271,Atole mix,328.63681
2019,Jun,Mexico,Regular,Verde,Centro,206054370,Tamal mix,8505.468102
2020,Jul,Mexico,Regular,Verde,Centro,206054370,Tamal mix,4.41E-13
2019,Mar,Mexico,Regular,Arroz,Centro,ABYT057271,Atole mix,2.22E-16
2019,Apr,Mexico,Regular,Arroz,Centro,ABYT057271,Atole mix,14988.84491
2019,May,Mexico,Regular,Arroz,Centro,ABYT057271,Atole mix,23601.92039
2019,May,Mexico,Regular,Arroz,Centro,ABYT057271,Atole mix,0
2019,Dec,Mexico,Regular,Arroz,Centro,ABYT057271,Atole mix,708.071953
2020,Mar,Mexico,Regular,Arroz,Centro,ABYT057271,Atole mix,-5.86E-14
2020,May,Mexico,Regular,Arroz,Centro,ABYT057271,Atole mix,12651.98697
2020,Jun,Mexico,Regular,Arroz,Centro,ABYT057271,Atole mix,6.03E-12
2020,Jun,Mexico,Regular,Arroz,Centro,ABYT057271,Atole mix,1.77E-14
2020,Jun,Mexico,Regular,Cajeta,Centro,ABYT055818,Atole mix,2862.998304
2020,Jan,Mexico,Regular,Arroz,Centro,ABYT057271,Atole mix,105.671
2020,Jun,Mexico,Regular,Arroz,Centro,ABYT057271,Atole mix,241.98659
2019,Feb,Mexico,Regular,Arroz,Centro,ABYT057271,Atole mix,9.74E-11
2019,Jul,Mexico,Regular,Arroz,Centro,ABYT057271,Atole mix,1094198.059
2019,Jul,Mexico,Regular,Arroz,Centro,ABYT057271,Atole mix,-1.05E-11
2019,Aug,Mexico,Regular,Arroz,Centro,ABYT057271,Atole mix,919375.3206
2019,Aug,Mexico,Regular,Arroz,Centro,ABYT057271,Atole mix,1.32E-12
2019,Oct,Mexico,Regular,Arroz,Centro,ABYT057271,Atole mix,159163.7736
2019,Dec,Mexico,Regular,Arroz,Centro,ABYT057271,Atole mix,27214.12443
2020,Jan,Mexico,Regular,Arroz,Centro,ABYT057271,Atole mix,-1.14E-12
2020,Jul,Mexico,Regular,Arroz,Centro,ABYT057271,Atole mix,9248.067577
2019,Feb,Mexico,Regular,Arroz,Centro,ABYT057271,Atole mix,7826.214055
2019,Apr,Mexico,Regular,Arroz,Centro,ABYT057271,Atole mix,4771.124902
2019,Dec,Mexico,Regular,Arroz,Centro,ABYT057271,Atole mix,-1.70E-13
2020,Aug,Mexico,Regular,Arroz,Centro,ABYT057271,Atole mix,878.414866
2019,Feb,Mexico,Regular,Verde,Centro,206054370,Tamal mix,-2.44E-13
2019,Jul,Mexico,Regular,Verde,Centro,206054370,Tamal mix,2.60E-13
2019,Jan,Mexico,Regular,Arroz,Centro,ABYT057271,Atole mix,7381.824568
2019,Feb,Mexico,Regular,Arroz,Centro,ABYT057271,Atole mix,-5.68E-13
2019,Feb,Mexico,Regular,Arroz,Centro,ABYT057271,Atole mix,14460.88462
2019,May,Mexico,Regular,Arroz,Centro,ABYT057271,Atole mix,17368.25334
2019,Jul,Mexico,Regular,Arroz,Centro,ABYT057271,Atole mix,8316.308565
2019,Aug,Mexico,Regular,Arroz,Centro,ABYT057271,Atole mix,-1.62E-12
2020,Apr,Mexico,Regular,Arroz,Centro,ABYT057271,Atole mix,-6.03E-12
2020,Apr,Mexico,Regular,Arroz,Centro,ABYT057271,Atole mix,17786.7396
2020,Jun,Mexico,Regular,Arroz,Centro,ABYT057271,Atole mix,10253.25802
2020,Jul,Mexico,Regular,Arroz,Centro,ABYT057271,Atole mix,7.67E-12
2020,Aug,Mexico,Regular,Arroz,Centro,ABYT057271,Atole mix,11886.93896
2019,Jan,Mexico,Regular,Arroz,Centro,ABYT057271,Atole mix,5.27E-16
2019,Mar,Mexico,Regular,Arroz,Centro,ABYT057271,Atole mix,1.12E-15
2019,Apr,Mexico,Regular,Arroz,Centro,ABYT057271,Atole mix,405.776896
2019,Jun,Mexico,Regular,Arroz,Centro,ABYT057271,Atole mix,57934.12575
2019,Nov,Mexico,Regular,Arroz,Centro,ABYT057271,Atole mix,-1.71E-12
2019,Dec,Mexico,Regular,Arroz,Centro,ABYT057271,Atole mix,9.09E-13
2020,Mar,Mexico,Regular,Arroz,Centro,ABYT057271,Atole mix,631697.9974
2020,Aug,Mexico,Regular,Arroz,Centro,ABYT057271,Atole mix,3074.235507
2019,Mar,Mexico,Regular,Arroz,Centro,ABYT057271,Atole mix,43698.99513
2019,Mar,Mexico,Regular,Arroz,Centro,ABYT057271,Atole mix,76.08312
2019,Jun,Mexico,Regular,Arroz,Centro,ABYT057271,Atole mix,45050.04113
2019,Nov,Mexico,Regular,Arroz,Centro,ABYT057271,Atole mix,33974.61073
2019,Dec,Mexico,Regular,Arroz,Centro,ABYT057271,Atole mix,-2.21E-12
2020,Jun,Mexico,Regular,Arroz,Centro,ABYT057271,Atole mix,-4.55E-13
2020,Jul,Mexico,Regular,Arroz,Centro,ABYT057271,Atole mix,32613.74795
2020,Aug,Mexico,Regular,Arroz,Centro,ABYT057271,Atole mix,112.521536
2019,Mar,Mexico,Regular,Arroz,Centro,ABYT057271,Atole mix,661.849174
2019,Oct,Mexico,Regular,Arroz,Centro,ABYT057271,Atole mix,3405.77633
2019,Dec,Mexico,Regular,Arroz,Centro,ABYT057271,Atole mix,-1.76E-11
2020,Feb,Mexico,Regular,Arroz,Centro,ABYT057271,Atole mix,0
2019,Jul,Mexico,Regular,Arroz,Centro,ABYT057271,Atole mix,1.22E-15
2019,Apr,Mexico,Regular,Arroz,Centro,ABYT057271,Atole mix,21293.15898
2019,Apr,Mexico,Regular,Arroz,Centro,ABYT057271,Atole mix,3.32E-13
2019,Jul,Mexico,Regular,Arroz,Centro,ABYT057271,Atole mix,1.38E-12
2019,Sep,Mexico,Regular,Arroz,Centro,ABYT057271,Atole mix,29908.50175
2019,Dec,Mexico,Regular,Arroz,Centro,ABYT057271,Atole mix,12473.82315
2020,Jul,Mexico,Regular,Arroz,Centro,ABYT057271,Atole mix,2.39E-12
2019,Dec,Mexico,Regular,Arroz,Centro,ABYT057271,Atole mix,10513.20779
2020,Feb,Mexico,Regular,Arroz,Centro,ABYT057271,Atole mix,1640.01392
2019,Mar,Mexico,Regular,Arroz,Centro,ABYT057271,Atole mix,40352.58477
2019,Apr,Mexico,Regular,Arroz,Centro,ABYT057271,Atole mix,934226.2367
2019,Jun,Mexico,Regular,Arroz,Centro,ABYT057271,Atole mix,68.157838
2019,Jul,Mexico,Regular,Arroz,Centro,ABYT057271,Atole mix,132495.5834
2019,Nov,Mexico,Regular,Arroz,Centro,ABYT057271,Atole mix,-1.39E-11
2020,Mar,Mexico,Regular,Arroz,Centro,ABYT057271,Atole mix,1587341.224
2019,May,Mexico,Regular,Arroz,Centro,ABYT057271,Atole mix,6461.901048
2019,Aug,Mexico,Regular,Arroz,Centro,ABYT057271,Atole mix,9.25E-13
2020,May,Mexico,Regular,Arroz,Centro,ABYT057271,Atole mix,327.5801
2019,Nov,Mexico,Regular,Cajeta,Centro,ABYT055818,Atole mix,-3.07E-13
2020,Jan,Mexico,Regular,Cajeta,Centro,ABYT055818,Atole mix,3550.628096
2020,Jul,Mexico,Regular,Cajeta,Centro,ABYT055818,Atole mix,-7.82E-14
2019,Jan,Mexico,Regular,Arroz,Centro,ABYT057271,Atole mix,1.34E-12
2019,Mar,Mexico,Regular,Arroz,Centro,ABYT057271,Atole mix,9666.431848
2019,Mar,Mexico,Regular,Arroz,Centro,ABYT057271,Atole mix,3.52E-13
2019,Apr,Mexico,Regular,Arroz,Centro,ABYT057271,Atole mix,15720.19516
2019,May,Mexico,Regular,Arroz,Centro,ABYT057271,Atole mix,-9.81E-13
2020,Apr,Mexico,Regular,Arroz,Centro,ABYT057271,Atole mix,5816.132297
2020,Apr,Mexico,Regular,Arroz,Centro,ABYT057271,Atole mix,5.68E-12
2020,Jul,Mexico,Regular,Arroz,Centro,ABYT057271,Atole mix,5909.122846
2019,Mar,Mexico,Regular,Arroz,Centro,ABYT057271,Atole mix,431.137952
2019,May,Mexico,Regular,Arroz,Centro,ABYT057271,Atole mix,42673.11993
2019,Jul,Mexico,Regular,Arroz,Centro,ABYT057271,Atole mix,69401.54267
2019,Oct,Mexico,Regular,Arroz,Centro,ABYT057271,Atole mix,-1.09E-10
2020,Feb,Mexico,Regular,Arroz,Centro,ABYT057271,Atole mix,7.28E-12
2020,May,Mexico,Regular,Arroz,Centro,ABYT057271,Atole mix,-1.14E-12
2019,Feb,Mexico,Regular,Arroz,Centro,ABYT057271,Atole mix,34461.95488
2019,May,Mexico,Regular,Arroz,Centro,ABYT057271,Atole mix,-4.44E-16
2019,Jun,Mexico,Regular,Arroz,Centro,ABYT057271,Atole mix,-2.28E-12
2019,Jul,Mexico,Regular,Arroz,Centro,ABYT057271,Atole mix,-1.90E-13
2019,Dec,Mexico,Regular,Arroz,Centro,ABYT057271,Atole mix,41796.61916
2019,Dec,Mexico,Regular,Arroz,Centro,ABYT057271,Atole mix,2761.18323
2019,Mar,Mexico,Regular,Arroz,Centro,ABYT057271,Atole mix,194253.8156
2019,Jan,Mexico,Regular,Arroz,Centro,ABYT057271,Atole mix,-3.66E-13
2019,May,Mexico,Regular,Arroz,Centro,ABYT057271,Atole mix,-2.22E-16
2019,Jun,Mexico,Regular,Arroz,Centro,ABYT057271,Atole mix,87.70693
2019,Aug,Mexico,Regular,Arroz,Centro,ABYT057271,Atole mix,520.95803
2019,Aug,Mexico,Regular,Arroz,Centro,ABYT057271,Atole mix,-2.80E-14
2019,Nov,Mexico,Regular,Arroz,Centro,ABYT057271,Atole mix,125378.2293
2019,Jan,Mexico,Regular,Arroz,Centro,ABYT057271,Atole mix,-4.77E-13
2019,Mar,Mexico,Regular,Arroz,Centro,ABYT057271,Atole mix,24173.23934
2019,Oct,Mexico,Regular,Arroz,Centro,ABYT057271,Atole mix,-3.73E-14
2020,May,Mexico,Regular,Arroz,Centro,ABYT057271,Atole mix,1821.214987
2020,Jun,Mexico,Regular,Arroz,Centro,ABYT057271,Atole mix,11666.77254
2020,Aug,Mexico,Regular,Arroz,Centro,ABYT057271,Atole mix,2758.963854
2020,Jan,Mexico,Regular,Arroz,Centro,ABYT057271,Atole mix,-1.46E-11
2020,Jun,Mexico,Regular,Arroz,Centro,ABYT057271,Atole mix,150549.3258
2020,Jul,Mexico,Regular,Arroz,Centro,ABYT057271,Atole mix,593.87102
2019,May,Mexico,Regular,Arroz,Centro,ABYT057271,Atole mix,1024611.398
2019,Jul,Mexico,Regular,Arroz,Centro,ABYT057271,Atole mix,-7.60E-11
2019,Aug,Mexico,Regular,Arroz,Centro,ABYT057271,Atole mix,5.56E-11
2019,Oct,Mexico,Regular,Arroz,Centro,ABYT057271,Atole mix,16452.19255
2019,Oct,Mexico,Regular,Arroz,Centro,ABYT057271,Atole mix,7.67E-13
2020,Feb,Mexico,Regular,Arroz,Centro,ABYT057271,Atole mix,-1.82E-12
2020,Aug,Mexico,Regular,Arroz,Centro,ABYT057271,Atole mix,228059.8708
2019,Jul,Mexico,Regular,Arroz,Centro,ABYT057271,Atole mix,4898.459491
2020,Jul,Mexico,Regular,Arroz,Centro,ABYT057271,Atole mix,0
2019,Aug,Mexico,Regular,Verde,Centro,206054370,Tamal mix,6480.713987
2019,Oct,Mexico,Regular,Verde,Centro,206054370,Tamal mix,6169.568281
2019,Oct,Mexico,Regular,Verde,Centro,206054370,Tamal mix,3.22E-12
2019,Dec,Mexico,Regular,Verde,Centro,206054370,Tamal mix,6571.757173
2020,May,Mexico,Regular,Verde,Centro,206054370,Tamal mix,1.85E-13
2020,Jun,Mexico,Regular,Verde,Centro,206054370,Tamal mix,-1.94E-13
2020,Aug,Mexico,Regular,Verde,Centro,206054370,Tamal mix,3243.094123
2019,Jun,Mexico,Regular,Cajeta,Centro,ABYT055818,Atole mix,8487.081513
2019,Feb,Mexico,Regular,Arroz,Centro,ABYT057271,Atole mix,-1.21E-12
2019,Jul,Mexico,Regular,Arroz,Centro,ABYT057271,Atole mix,-5.03E-12
2019,Aug,Mexico,Regular,Arroz,Centro,ABYT057271,Atole mix,18779.06271
2019,Nov,Mexico,Regular,Arroz,Centro,ABYT057271,Atole mix,1.11E-12
2020,May,Mexico,Regular,Arroz,Centro,ABYT057271,Atole mix,4617.118622
2020,May,Mexico,Regular,Arroz,Centro,ABYT057271,Atole mix,23361.44347
2019,Apr,Mexico,Regular,Arroz,Centro,ABYT057271,Atole mix,0
2019,Sep,Mexico,Regular,Arroz,Centro,ABYT057271,Atole mix,-1.63E-10
2019,Dec,Mexico,Regular,Arroz,Centro,ABYT057271,Atole mix,8.19E-11
2020,Jan,Mexico,Regular,Arroz,Centro,ABYT057271,Atole mix,5444.70171
2020,May,Mexico,Regular,Arroz,Centro,ABYT057271,Atole mix,12464.16649
2020,Aug,Mexico,Regular,Arroz,Centro,ABYT057271,Atole mix,59764.34747
2019,Nov,Mexico,Regular,Arroz,Centro,ABYT057271,Atole mix,0
2019,Dec,Mexico,Regular,Arroz,Centro,ABYT057271,Atole mix,2.89E-14
2019,Jan,Mexico,Regular,Arroz,Centro,ABYT057271,Atole mix,2.18E-14
2019,May,Mexico,Regular,Arroz,Centro,ABYT057271,Atole mix,164768.8382
2019,May,Mexico,Regular,Arroz,Centro,ABYT057271,Atole mix,-4.33E-13
2019,Jul,Mexico,Regular,Arroz,Centro,ABYT057271,Atole mix,1.79E-13
2019,Sep,Mexico,Regular,Arroz,Centro,ABYT057271,Atole mix,432.19439
2019,Sep,Mexico,Regular,Arroz,Centro,ABYT057271,Atole mix,6.66E-15
2019,Jan,Mexico,Regular,Arroz,Centro,ABYT057271,Atole mix,36.98485
2019,Jul,Mexico,Regular,Arroz,Centro,ABYT057271,Atole mix,1.26E-11
2019,Dec,Mexico,Regular,Arroz,Centro,ABYT057271,Atole mix,148767.1718
2019,Jun,Mexico,Regular,Arroz,Centro,ABYT057271,Atole mix,0
2019,Sep,Mexico,Regular,Arroz,Centro,ABYT057271,Atole mix,1.71E-12
2019,Nov,Mexico,Regular,Arroz,Centro,ABYT057271,Atole mix,-1.07E-14
2019,Dec,Mexico,Regular,Arroz,Centro,ABYT057271,Atole mix,305.741499
2020,Feb,Mexico,Regular,Arroz,Centro,ABYT057271,Atole mix,5.05E-29
2020,Apr,Mexico,Regular,Arroz,Centro,ABYT057271,Atole mix,204.790446
2020,Jun,Mexico,Regular,Arroz,Centro,ABYT057271,Atole mix,-1.82E-12
2020,Feb,Mexico,Regular,Arroz,Centro,ABYT057271,Atole mix,0
2019,Jan,Mexico,Regular,Arroz,Centro,ABYT057271,Atole mix,63309.60952
2019,Mar,Mexico,Regular,Arroz,Centro,ABYT057271,Atole mix,324.93853
2019,May,Mexico,Regular,Arroz,Centro,ABYT057271,Atole mix,2.14E-13
2020,Mar,Mexico,Regular,Arroz,Centro,ABYT057271,Atole mix,-2.48E-11
2020,May,Mexico,Regular,Arroz,Centro,ABYT057271,Atole mix,969.193302
2020,Jun,Mexico,Regular,Arroz,Centro,ABYT057271,Atole mix,622.053476
2020,Jul,Mexico,Regular,Arroz,Centro,ABYT057271,Atole mix,2840.831056
2019,May,Mexico,Regular,Verde,Centro,206054370,Tamal mix,-1.08E-14
2019,Sep,Mexico,Regular,Verde,Centro,206054370,Tamal mix,8090.031888
2019,Nov,Mexico,Regular,Verde,Centro,206054370,Tamal mix,5137.802649
2020,Mar,Mexico,Regular,Verde,Centro,206054370,Tamal mix,6793.711779
2020,Apr,Mexico,Regular,Verde,Centro,206054370,Tamal mix,4525.774474
2019,Apr,Mexico,Regular,Arroz,Centro,ABYT057271,Atole mix,2.66E-13
2019,Jul,Mexico,Regular,Arroz,Centro,ABYT057271,Atole mix,16709.50284
2019,Oct,Mexico,Regular,Arroz,Centro,ABYT057271,Atole mix,16913.54431
2019,Nov,Mexico,Regular,Arroz,Centro,ABYT057271,Atole mix,7269.989312
2019,Dec,Mexico,Regular,Arroz,Centro,ABYT057271,Atole mix,24431.07196
2020,Jun,Mexico,Regular,Arroz,Centro,ABYT057271,Atole mix,-2.46E-11
2019,Feb,Mexico,Regular,Arroz,Centro,ABYT057271,Atole mix,50.722112
2019,Jun,Mexico,Regular,Arroz,Centro,ABYT057271,Atole mix,-1.71E-13
2019,Aug,Mexico,Regular,Arroz,Centro,ABYT057271,Atole mix,-2.84E-12
2019,Oct,Mexico,Regular,Arroz,Centro,ABYT057271,Atole mix,90505.09808
2019,Dec,Mexico,Regular,Arroz,Centro,ABYT057271,Atole mix,574900.8631
2019,Dec,Mexico,Regular,Arroz,Centro,ABYT057271,Atole mix,23939.11806
2020,May,Mexico,Regular,Arroz,Centro,ABYT057271,Atole mix,2.46E-11
2020,Aug,Mexico,Regular,Arroz,Centro,ABYT057271,Atole mix,143753.2888
2020,Aug,Mexico,Regular,Arroz,Centro,ABYT057271,Atole mix,4032.417025
2019,Mar,Mexico,Regular,Arroz,Centro,ABYT057271,Atole mix,5.99E-13
2020,Jan,Mexico,Regular,Arroz,Centro,ABYT057271,Atole mix,-1.36E-12
2020,Jun,Mexico,Regular,Arroz,Centro,ABYT057271,Atole mix,1724.55072
2019,Nov,Mexico,Regular,Arroz,Centro,ABYT057271,Atole mix,1064.10697
2020,Jun,Mexico,Regular,Arroz,Centro,ABYT057271,Atole mix,1.99E-13
2020,Jul,Mexico,Regular,Arroz,Centro,ABYT057271,Atole mix,-2.00E-11
2019,Jan,Mexico,Regular,Arroz,Centro,ABYT057271,Atole mix,151857.1101
2019,Feb,Mexico,Regular,Arroz,Centro,ABYT057271,Atole mix,-1.44E-15
2019,Apr,Mexico,Regular,Arroz,Centro,ABYT057271,Atole mix,0
2019,Sep,Mexico,Regular,Arroz,Centro,ABYT057271,Atole mix,146383.0563
2019,Sep,Mexico,Regular,Arroz,Centro,ABYT057271,Atole mix,862.27536
2019,Dec,Mexico,Regular,Arroz,Centro,ABYT057271,Atole mix,-1.36E-12
2019,Oct,Mexico,Regular,Cajeta,Centro,ABYT055818,Atole mix,5393.393697
2019,Dec,Mexico,Regular,Cajeta,Centro,ABYT055818,Atole mix,8405.101353
